Sub_ID,URL,key_code
101,https://experiments.schonberglab.org/static/rani/Space_Gold_App/index.html?subId=i8M8fErdgfvzBUX8Q0NW,i8M8fErdgfvzBUX8Q0NW
102,https://experiments.schonberglab.org/static/rani/Space_Gold_App/index.html?subId=gk5xBSUgEJAkPnDO8aFS,gk5xBSUgEJAkPnDO8aFS
103,https://experiments.schonberglab.org/static/rani/Space_Gold_App/index.html?subId=MVJ3Tdp8EcV6Mtdr2iHy,MVJ3Tdp8EcV6Mtdr2iHy
104,https://experiments.schonberglab.org/static/rani/Space_Gold_App/index.html?subId=g31Lz0R250oElBTplySo,g31Lz0R250oElBTplySo
105,https://experiments.schonberglab.org/static/rani/Space_Gold_App/index.html?subId=D1pVsJ6nXQhYjYa7oODx,D1pVsJ6nXQhYjYa7oODx
106,https://experiments.schonberglab.org/static/rani/Space_Gold_App/index.html?subId=yLIx36zMNgaycY4z0Uwb,yLIx36zMNgaycY4z0Uwb
107,https://experiments.schonberglab.org/static/rani/Space_Gold_App/index.html?subId=ZY9XIg0quLw3HdEieDT6,ZY9XIg0quLw3HdEieDT6
108,https://experiments.schonberglab.org/static/rani/Space_Gold_App/index.html?subId=UXwXyCBHS31xd0p4dC76,UXwXyCBHS31xd0p4dC76
109,https://experiments.schonberglab.org/static/rani/Space_Gold_App/index.html?subId=ywBdoqJQD4JfmfVrFwEg,ywBdoqJQD4JfmfVrFwEg
110,https://experiments.schonberglab.org/static/rani/Space_Gold_App/index.html?subId=0D0IdS8xLduoih7nqCBQ,0D0IdS8xLduoih7nqCBQ
111,https://experiments.schonberglab.org/static/rani/Space_Gold_App/index.html?subId=s8fvo5sZZYbxx0FadcdF,s8fvo5sZZYbxx0FadcdF
112,https://experiments.schonberglab.org/static/rani/Space_Gold_App/index.html?subId=CepHjg5eaipJVtF6f5Xh,CepHjg5eaipJVtF6f5Xh
113,https://experiments.schonberglab.org/static/rani/Space_Gold_App/index.html?subId=0J8L8UmIiHzJOorrQi5j,0J8L8UmIiHzJOorrQi5j
114,https://experiments.schonberglab.org/static/rani/Space_Gold_App/index.html?subId=a1Llg8JJcZHpWsVhPEDq,a1Llg8JJcZHpWsVhPEDq
115,https://experiments.schonberglab.org/static/rani/Space_Gold_App/index.html?subId=8bdYCwm22UZ0DKI1eccB,8bdYCwm22UZ0DKI1eccB
116,https://experiments.schonberglab.org/static/rani/Space_Gold_App/index.html?subId=gTjJyd9lxYHOaNhU2Hkr,gTjJyd9lxYHOaNhU2Hkr
117,https://experiments.schonberglab.org/static/rani/Space_Gold_App/index.html?subId=TJ7l0RrslyC9ipMCnEmf,TJ7l0RrslyC9ipMCnEmf
118,https://experiments.schonberglab.org/static/rani/Space_Gold_App/index.html?subId=9wat6JFOKOGNR3NBVtXT,9wat6JFOKOGNR3NBVtXT
119,https://experiments.schonberglab.org/static/rani/Space_Gold_App/index.html?subId=mmyrg1sUcDPuz4tIOY7g,mmyrg1sUcDPuz4tIOY7g
120,https://experiments.schonberglab.org/static/rani/Space_Gold_App/index.html?subId=2VwUIP6zKyfPaB5kea4y,2VwUIP6zKyfPaB5kea4y
121,https://experiments.schonberglab.org/static/rani/Space_Gold_App/index.html?subId=tUB1wfJMzoJgbUruyvsz,tUB1wfJMzoJgbUruyvsz
122,https://experiments.schonberglab.org/static/rani/Space_Gold_App/index.html?subId=XkACEplcMCQozhBMjaHs,XkACEplcMCQozhBMjaHs
123,https://experiments.schonberglab.org/static/rani/Space_Gold_App/index.html?subId=AgQGTj5QRwodk6nlYyUd,AgQGTj5QRwodk6nlYyUd
124,https://experiments.schonberglab.org/static/rani/Space_Gold_App/index.html?subId=tg4ECm6GTQiLH1b9pJcl,tg4ECm6GTQiLH1b9pJcl
125,https://experiments.schonberglab.org/static/rani/Space_Gold_App/index.html?subId=F1P2xH0xG9ndQF2F1gut,F1P2xH0xG9ndQF2F1gut
126,https://experiments.schonberglab.org/static/rani/Space_Gold_App/index.html?subId=UPb4YDiXWrU8o1OtF8fj,UPb4YDiXWrU8o1OtF8fj
127,https://experiments.schonberglab.org/static/rani/Space_Gold_App/index.html?subId=3dKl7DSoCH5YUkii0hnE,3dKl7DSoCH5YUkii0hnE
128,https://experiments.schonberglab.org/static/rani/Space_Gold_App/index.html?subId=YmnUOiv6YD5rUEbFlajU,YmnUOiv6YD5rUEbFlajU
129,https://experiments.schonberglab.org/static/rani/Space_Gold_App/index.html?subId=fSWucy0j1Ljcwu8veYVr,fSWucy0j1Ljcwu8veYVr
130,https://experiments.schonberglab.org/static/rani/Space_Gold_App/index.html?subId=0hYiQrQtWHsO8GJ9FTR6,0hYiQrQtWHsO8GJ9FTR6
131,https://experiments.schonberglab.org/static/rani/Space_Gold_App/index.html?subId=dxZrYAxYt2OLSUTdUWj5,dxZrYAxYt2OLSUTdUWj5
132,https://experiments.schonberglab.org/static/rani/Space_Gold_App/index.html?subId=8Z4dpaPWHXs4kIbFi1u7,8Z4dpaPWHXs4kIbFi1u7
133,https://experiments.schonberglab.org/static/rani/Space_Gold_App/index.html?subId=vWEYxjiaBBUgEwsbYU1M,vWEYxjiaBBUgEwsbYU1M
134,https://experiments.schonberglab.org/static/rani/Space_Gold_App/index.html?subId=TWNQn7jJh8oWWPM1j7jL,TWNQn7jJh8oWWPM1j7jL
135,https://experiments.schonberglab.org/static/rani/Space_Gold_App/index.html?subId=RFKX9ra93cNvp5Ed8aiz,RFKX9ra93cNvp5Ed8aiz
136,https://experiments.schonberglab.org/static/rani/Space_Gold_App/index.html?subId=laVVMf1iAjUbmYrp3zzZ,laVVMf1iAjUbmYrp3zzZ
137,https://experiments.schonberglab.org/static/rani/Space_Gold_App/index.html?subId=4ggujEGgiORlQTMITeUS,4ggujEGgiORlQTMITeUS
138,https://experiments.schonberglab.org/static/rani/Space_Gold_App/index.html?subId=E9j3lMo8p8m7Q9k2PCyw,E9j3lMo8p8m7Q9k2PCyw
139,https://experiments.schonberglab.org/static/rani/Space_Gold_App/index.html?subId=YeSmAtqhUlBOmmACpiHZ,YeSmAtqhUlBOmmACpiHZ
140,https://experiments.schonberglab.org/static/rani/Space_Gold_App/index.html?subId=82olhosWX8pkMLkSZrzK,82olhosWX8pkMLkSZrzK
141,https://experiments.schonberglab.org/static/rani/Space_Gold_App/index.html?subId=gh3Dj5tnyuj2zGBJ1vyV,gh3Dj5tnyuj2zGBJ1vyV
142,https://experiments.schonberglab.org/static/rani/Space_Gold_App/index.html?subId=A1nQGRZWPc2YnB4CZijN,A1nQGRZWPc2YnB4CZijN
143,https://experiments.schonberglab.org/static/rani/Space_Gold_App/index.html?subId=m2Cn7ptSMZagpQoDADax,m2Cn7ptSMZagpQoDADax
144,https://experiments.schonberglab.org/static/rani/Space_Gold_App/index.html?subId=iCUVqD7KMI6RvwUT0Bnj,iCUVqD7KMI6RvwUT0Bnj
145,https://experiments.schonberglab.org/static/rani/Space_Gold_App/index.html?subId=wOK0IWnPjJ4NwqO82yy0,wOK0IWnPjJ4NwqO82yy0
146,https://experiments.schonberglab.org/static/rani/Space_Gold_App/index.html?subId=UFHzRmRshmsSiUP3W5X1,UFHzRmRshmsSiUP3W5X1
147,https://experiments.schonberglab.org/static/rani/Space_Gold_App/index.html?subId=0UCjjkyF3qitsl7s382T,0UCjjkyF3qitsl7s382T
148,https://experiments.schonberglab.org/static/rani/Space_Gold_App/index.html?subId=RAdCZHyFJhR5IaMa84FZ,RAdCZHyFJhR5IaMa84FZ
149,https://experiments.schonberglab.org/static/rani/Space_Gold_App/index.html?subId=kxIS7jm71NzrcGPfSzJF,kxIS7jm71NzrcGPfSzJF
150,https://experiments.schonberglab.org/static/rani/Space_Gold_App/index.html?subId=NXQtWSL7FckjDqYWz8lF,NXQtWSL7FckjDqYWz8lF
151,https://experiments.schonberglab.org/static/rani/Space_Gold_App/index.html?subId=1hKJD2Lm4xeGz43ajKR6,1hKJD2Lm4xeGz43ajKR6
152,https://experiments.schonberglab.org/static/rani/Space_Gold_App/index.html?subId=yh3IWF21CJ15fElSWjpd,yh3IWF21CJ15fElSWjpd
153,https://experiments.schonberglab.org/static/rani/Space_Gold_App/index.html?subId=dqs6jphCo2AmCaDBwyb1,dqs6jphCo2AmCaDBwyb1
154,https://experiments.schonberglab.org/static/rani/Space_Gold_App/index.html?subId=OdwYxxmDqFVgevJKRY6p,OdwYxxmDqFVgevJKRY6p
155,https://experiments.schonberglab.org/static/rani/Space_Gold_App/index.html?subId=eFkMsM4cyA2b7VxexUWz,eFkMsM4cyA2b7VxexUWz
156,https://experiments.schonberglab.org/static/rani/Space_Gold_App/index.html?subId=DfvolIO9l4XuZD969jro,DfvolIO9l4XuZD969jro
157,https://experiments.schonberglab.org/static/rani/Space_Gold_App/index.html?subId=KQ35ZNy8HGkGh9mGZui3,KQ35ZNy8HGkGh9mGZui3
158,https://experiments.schonberglab.org/static/rani/Space_Gold_App/index.html?subId=Ox9t0soLdzEtg1PEnEI2,Ox9t0soLdzEtg1PEnEI2
159,https://experiments.schonberglab.org/static/rani/Space_Gold_App/index.html?subId=r34fjXymtCBarPqfovzB,r34fjXymtCBarPqfovzB
160,https://experiments.schonberglab.org/static/rani/Space_Gold_App/index.html?subId=88ubc2L7DSoDNN1pj5nv,88ubc2L7DSoDNN1pj5nv
161,https://experiments.schonberglab.org/static/rani/Space_Gold_App/index.html?subId=1tApdExzdRVXTHacA53c,1tApdExzdRVXTHacA53c
162,https://experiments.schonberglab.org/static/rani/Space_Gold_App/index.html?subId=ZUBKuRiBGHD2c51gAJTR,ZUBKuRiBGHD2c51gAJTR
163,https://experiments.schonberglab.org/static/rani/Space_Gold_App/index.html?subId=A4EOSJfl2QiH4D2KAQye,A4EOSJfl2QiH4D2KAQye
164,https://experiments.schonberglab.org/static/rani/Space_Gold_App/index.html?subId=DfMT9sRN4PlwiLgbD8K2,DfMT9sRN4PlwiLgbD8K2
165,https://experiments.schonberglab.org/static/rani/Space_Gold_App/index.html?subId=RIzhOyQj3yz3YvmXmppz,RIzhOyQj3yz3YvmXmppz
166,https://experiments.schonberglab.org/static/rani/Space_Gold_App/index.html?subId=emDDtCIWCQEdzmIQ23tL,emDDtCIWCQEdzmIQ23tL
167,https://experiments.schonberglab.org/static/rani/Space_Gold_App/index.html?subId=4F7oEccooBha3LgQzQlH,4F7oEccooBha3LgQzQlH
168,https://experiments.schonberglab.org/static/rani/Space_Gold_App/index.html?subId=e7iojPw1w3ZVjpQjDgur,e7iojPw1w3ZVjpQjDgur
169,https://experiments.schonberglab.org/static/rani/Space_Gold_App/index.html?subId=LmJhzjgrO1a2Ftd4rozR,LmJhzjgrO1a2Ftd4rozR
170,https://experiments.schonberglab.org/static/rani/Space_Gold_App/index.html?subId=1VOcCoGGSwofKhoyvZml,1VOcCoGGSwofKhoyvZml
171,https://experiments.schonberglab.org/static/rani/Space_Gold_App/index.html?subId=0nLZ3PytsbojsDS6iOJ5,0nLZ3PytsbojsDS6iOJ5
172,https://experiments.schonberglab.org/static/rani/Space_Gold_App/index.html?subId=j14W4pimAJ5vrdMijHyq,j14W4pimAJ5vrdMijHyq
173,https://experiments.schonberglab.org/static/rani/Space_Gold_App/index.html?subId=iWFy9kezhW1D3KE7i9Zk,iWFy9kezhW1D3KE7i9Zk
174,https://experiments.schonberglab.org/static/rani/Space_Gold_App/index.html?subId=dl9XuvCD7lv5eG78dDWw,dl9XuvCD7lv5eG78dDWw
175,https://experiments.schonberglab.org/static/rani/Space_Gold_App/index.html?subId=oEQ6145w2hQhm3vr6tek,oEQ6145w2hQhm3vr6tek
176,https://experiments.schonberglab.org/static/rani/Space_Gold_App/index.html?subId=MB6LOZjAtM1F543xm6eW,MB6LOZjAtM1F543xm6eW
177,https://experiments.schonberglab.org/static/rani/Space_Gold_App/index.html?subId=CTlppTJsaT4C1ZjbVu7c,CTlppTJsaT4C1ZjbVu7c
178,https://experiments.schonberglab.org/static/rani/Space_Gold_App/index.html?subId=tN28kcwt8lddkHxZ2k7b,tN28kcwt8lddkHxZ2k7b
179,https://experiments.schonberglab.org/static/rani/Space_Gold_App/index.html?subId=qyO9EnF1ftmj6DLoKIls,qyO9EnF1ftmj6DLoKIls
180,https://experiments.schonberglab.org/static/rani/Space_Gold_App/index.html?subId=JWvTjNBKhgXOqgxDCJbS,JWvTjNBKhgXOqgxDCJbS
181,https://experiments.schonberglab.org/static/rani/Space_Gold_App/index.html?subId=PUbfp0FzXE4UPXtB9YV4,PUbfp0FzXE4UPXtB9YV4
182,https://experiments.schonberglab.org/static/rani/Space_Gold_App/index.html?subId=7PC0X0lav9SS9xM8sFC2,7PC0X0lav9SS9xM8sFC2
183,https://experiments.schonberglab.org/static/rani/Space_Gold_App/index.html?subId=p1MaVV4iPG0HYIRd4bye,p1MaVV4iPG0HYIRd4bye
184,https://experiments.schonberglab.org/static/rani/Space_Gold_App/index.html?subId=NBIUDM1gmM8yc7hM2xwp,NBIUDM1gmM8yc7hM2xwp
185,https://experiments.schonberglab.org/static/rani/Space_Gold_App/index.html?subId=gojWRNzn0CUFVOmJecXq,gojWRNzn0CUFVOmJecXq
186,https://experiments.schonberglab.org/static/rani/Space_Gold_App/index.html?subId=59icpayF9KiifSaPrwuh,59icpayF9KiifSaPrwuh
187,https://experiments.schonberglab.org/static/rani/Space_Gold_App/index.html?subId=xx0H7WYCy4HyaMGcbHVs,xx0H7WYCy4HyaMGcbHVs
188,https://experiments.schonberglab.org/static/rani/Space_Gold_App/index.html?subId=0hd2Nbzxr09OzRpZx59M,0hd2Nbzxr09OzRpZx59M
189,https://experiments.schonberglab.org/static/rani/Space_Gold_App/index.html?subId=h7zIQ1MHNcUV4Q62Fhli,h7zIQ1MHNcUV4Q62Fhli
190,https://experiments.schonberglab.org/static/rani/Space_Gold_App/index.html?subId=VdW2eNW4asJQ8Vf50i4v,VdW2eNW4asJQ8Vf50i4v
191,https://experiments.schonberglab.org/static/rani/Space_Gold_App/index.html?subId=eS1aa4p4mZRR3pB5J36h,eS1aa4p4mZRR3pB5J36h
192,https://experiments.schonberglab.org/static/rani/Space_Gold_App/index.html?subId=z0FHEfE3JqXCtNy7nWhm,z0FHEfE3JqXCtNy7nWhm
193,https://experiments.schonberglab.org/static/rani/Space_Gold_App/index.html?subId=bfcU2BjyNxaZC4MUKJS1,bfcU2BjyNxaZC4MUKJS1
194,https://experiments.schonberglab.org/static/rani/Space_Gold_App/index.html?subId=LDTlObnbzGkWF2J2MiuU,LDTlObnbzGkWF2J2MiuU
195,https://experiments.schonberglab.org/static/rani/Space_Gold_App/index.html?subId=hUr7mmSmJFJZ83Yusk1D,hUr7mmSmJFJZ83Yusk1D
196,https://experiments.schonberglab.org/static/rani/Space_Gold_App/index.html?subId=YyTuszp58V23i43NnnTM,YyTuszp58V23i43NnnTM
197,https://experiments.schonberglab.org/static/rani/Space_Gold_App/index.html?subId=Z3mFawKmgCMbpY5cIUbv,Z3mFawKmgCMbpY5cIUbv
198,https://experiments.schonberglab.org/static/rani/Space_Gold_App/index.html?subId=PiAQ2jfcD98E75ks7Owm,PiAQ2jfcD98E75ks7Owm
199,https://experiments.schonberglab.org/static/rani/Space_Gold_App/index.html?subId=h3zPhuh3iCzTFpac1HFT,h3zPhuh3iCzTFpac1HFT
201,https://experiments.schonberglab.org/static/rani/Space_Gold_App/index.html?subId=EwnyfMQincmLdOd23jxX,EwnyfMQincmLdOd23jxX
202,https://experiments.schonberglab.org/static/rani/Space_Gold_App/index.html?subId=7LTQ82rsCjH55RrbhVnB,7LTQ82rsCjH55RrbhVnB
203,https://experiments.schonberglab.org/static/rani/Space_Gold_App/index.html?subId=hrMwpU9rKmqzWoxTL9Fz,hrMwpU9rKmqzWoxTL9Fz
204,https://experiments.schonberglab.org/static/rani/Space_Gold_App/index.html?subId=6DAHgLGB9qVxyly5IVO9,6DAHgLGB9qVxyly5IVO9
205,https://experiments.schonberglab.org/static/rani/Space_Gold_App/index.html?subId=YPN21Vei9CklaHGuwSMK,YPN21Vei9CklaHGuwSMK
206,https://experiments.schonberglab.org/static/rani/Space_Gold_App/index.html?subId=e5d77g7yDv8BnzHyVgkQ,e5d77g7yDv8BnzHyVgkQ
207,https://experiments.schonberglab.org/static/rani/Space_Gold_App/index.html?subId=LZRrnOgn6LL6srkZQKdH,LZRrnOgn6LL6srkZQKdH
208,https://experiments.schonberglab.org/static/rani/Space_Gold_App/index.html?subId=3c1zM7iFKvNUAqbCF1VL,3c1zM7iFKvNUAqbCF1VL
209,https://experiments.schonberglab.org/static/rani/Space_Gold_App/index.html?subId=uL5cqSQflbyUI8eQSVoG,uL5cqSQflbyUI8eQSVoG
210,https://experiments.schonberglab.org/static/rani/Space_Gold_App/index.html?subId=Vg1Qiah1ToASZeqikvox,Vg1Qiah1ToASZeqikvox
211,https://experiments.schonberglab.org/static/rani/Space_Gold_App/index.html?subId=UjVTgcM5HPjJ3j9Ng4a3,UjVTgcM5HPjJ3j9Ng4a3
212,https://experiments.schonberglab.org/static/rani/Space_Gold_App/index.html?subId=750MYZiDN4dEh1d8DHzr,750MYZiDN4dEh1d8DHzr
213,https://experiments.schonberglab.org/static/rani/Space_Gold_App/index.html?subId=kX2js04zEpW3Rwz9qz8f,kX2js04zEpW3Rwz9qz8f
214,https://experiments.schonberglab.org/static/rani/Space_Gold_App/index.html?subId=cLUWWmMKy8Z5o5thFEft,cLUWWmMKy8Z5o5thFEft
215,https://experiments.schonberglab.org/static/rani/Space_Gold_App/index.html?subId=UxuZqlrwGnPZVGROJGvy,UxuZqlrwGnPZVGROJGvy
216,https://experiments.schonberglab.org/static/rani/Space_Gold_App/index.html?subId=hcAQuX5rKul8ibvOz2RQ,hcAQuX5rKul8ibvOz2RQ
217,https://experiments.schonberglab.org/static/rani/Space_Gold_App/index.html?subId=mSUG64A2kqd8tnlEp46I,mSUG64A2kqd8tnlEp46I
218,https://experiments.schonberglab.org/static/rani/Space_Gold_App/index.html?subId=AktfmGEJPcvS7Bw3vFDz,AktfmGEJPcvS7Bw3vFDz
219,https://experiments.schonberglab.org/static/rani/Space_Gold_App/index.html?subId=CIiXVR93B1xsawXJaHg0,CIiXVR93B1xsawXJaHg0
220,https://experiments.schonberglab.org/static/rani/Space_Gold_App/index.html?subId=pQKn68OnulRHfHTC1GLb,pQKn68OnulRHfHTC1GLb
221,https://experiments.schonberglab.org/static/rani/Space_Gold_App/index.html?subId=YLchrD2LR9v6cVr8E0oL,YLchrD2LR9v6cVr8E0oL
222,https://experiments.schonberglab.org/static/rani/Space_Gold_App/index.html?subId=ce9xIhPkLm50qBZoCB1Y,ce9xIhPkLm50qBZoCB1Y
223,https://experiments.schonberglab.org/static/rani/Space_Gold_App/index.html?subId=vvzc6A9LX1DA2nar41DV,vvzc6A9LX1DA2nar41DV
224,https://experiments.schonberglab.org/static/rani/Space_Gold_App/index.html?subId=aTXpbC01gI16bkTalI6z,aTXpbC01gI16bkTalI6z
225,https://experiments.schonberglab.org/static/rani/Space_Gold_App/index.html?subId=ohsJ9JcEYKXyIIeBCsT9,ohsJ9JcEYKXyIIeBCsT9
226,https://experiments.schonberglab.org/static/rani/Space_Gold_App/index.html?subId=ByMdzWyPFLSm3zTnX9FD,ByMdzWyPFLSm3zTnX9FD
227,https://experiments.schonberglab.org/static/rani/Space_Gold_App/index.html?subId=0Oqrrs3IfIiEbZkPr7YI,0Oqrrs3IfIiEbZkPr7YI
228,https://experiments.schonberglab.org/static/rani/Space_Gold_App/index.html?subId=0Wx6VCPhcTlVFPHWtaEW,0Wx6VCPhcTlVFPHWtaEW
229,https://experiments.schonberglab.org/static/rani/Space_Gold_App/index.html?subId=tlnjJuKS3ypdmaOgp7R3,tlnjJuKS3ypdmaOgp7R3
230,https://experiments.schonberglab.org/static/rani/Space_Gold_App/index.html?subId=ba7NkSjn37GrlupUFexV,ba7NkSjn37GrlupUFexV
231,https://experiments.schonberglab.org/static/rani/Space_Gold_App/index.html?subId=j0HFurHZAsYkTswYFDNj,j0HFurHZAsYkTswYFDNj
232,https://experiments.schonberglab.org/static/rani/Space_Gold_App/index.html?subId=vQZLUjyiBtgQsfUuWygS,vQZLUjyiBtgQsfUuWygS
233,https://experiments.schonberglab.org/static/rani/Space_Gold_App/index.html?subId=POmGDVxP1zMT8AGJtcLB,POmGDVxP1zMT8AGJtcLB
234,https://experiments.schonberglab.org/static/rani/Space_Gold_App/index.html?subId=ttUR4IhDBZ6002iOuOR0,ttUR4IhDBZ6002iOuOR0
235,https://experiments.schonberglab.org/static/rani/Space_Gold_App/index.html?subId=ChgxoMp2rnLCBSJ2oCQT,ChgxoMp2rnLCBSJ2oCQT
236,https://experiments.schonberglab.org/static/rani/Space_Gold_App/index.html?subId=OSWAiJXgotryo6JBYhsQ,OSWAiJXgotryo6JBYhsQ
237,https://experiments.schonberglab.org/static/rani/Space_Gold_App/index.html?subId=djOdhymO4UtPQPgEHnnn,djOdhymO4UtPQPgEHnnn
238,https://experiments.schonberglab.org/static/rani/Space_Gold_App/index.html?subId=JSFSOoEt6U3kS3zWvLq7,JSFSOoEt6U3kS3zWvLq7
239,https://experiments.schonberglab.org/static/rani/Space_Gold_App/index.html?subId=IpalYth3U2NKESPfc2DV,IpalYth3U2NKESPfc2DV
240,https://experiments.schonberglab.org/static/rani/Space_Gold_App/index.html?subId=cMGrxufsYUoWVq4XOuNy,cMGrxufsYUoWVq4XOuNy
241,https://experiments.schonberglab.org/static/rani/Space_Gold_App/index.html?subId=8wF2ffKurTgZIRGOt4E9,8wF2ffKurTgZIRGOt4E9
242,https://experiments.schonberglab.org/static/rani/Space_Gold_App/index.html?subId=TptpDj3arLJtb6LHG9Tg,TptpDj3arLJtb6LHG9Tg
243,https://experiments.schonberglab.org/static/rani/Space_Gold_App/index.html?subId=baHGhqXpSuFaK0JUbCi6,baHGhqXpSuFaK0JUbCi6
244,https://experiments.schonberglab.org/static/rani/Space_Gold_App/index.html?subId=acA5lOZ7QSEOW3LbH15k,acA5lOZ7QSEOW3LbH15k
245,https://experiments.schonberglab.org/static/rani/Space_Gold_App/index.html?subId=ErNOIZD7Jm0g4AH99gxs,ErNOIZD7Jm0g4AH99gxs
246,https://experiments.schonberglab.org/static/rani/Space_Gold_App/index.html?subId=x0fuR8zx3jpR9h7Shu7G,x0fuR8zx3jpR9h7Shu7G
247,https://experiments.schonberglab.org/static/rani/Space_Gold_App/index.html?subId=m4uJxChLtIw6N6Edl9rf,m4uJxChLtIw6N6Edl9rf
248,https://experiments.schonberglab.org/static/rani/Space_Gold_App/index.html?subId=60fo3hAW5AD1D9wRI9ev,60fo3hAW5AD1D9wRI9ev
249,https://experiments.schonberglab.org/static/rani/Space_Gold_App/index.html?subId=w43BdJx4gdumrRsXIYz3,w43BdJx4gdumrRsXIYz3
250,https://experiments.schonberglab.org/static/rani/Space_Gold_App/index.html?subId=jfpsfebaH1neWG42GAbk,jfpsfebaH1neWG42GAbk
251,https://experiments.schonberglab.org/static/rani/Space_Gold_App/index.html?subId=bY56Rrjy6p75L4CvHo3f,bY56Rrjy6p75L4CvHo3f
252,https://experiments.schonberglab.org/static/rani/Space_Gold_App/index.html?subId=LOnSuVxeJuF41q2Zosju,LOnSuVxeJuF41q2Zosju
253,https://experiments.schonberglab.org/static/rani/Space_Gold_App/index.html?subId=2iJSIBQJimKkhn2RwkP2,2iJSIBQJimKkhn2RwkP2
254,https://experiments.schonberglab.org/static/rani/Space_Gold_App/index.html?subId=oTqEIK27dWViFY5FUiB0,oTqEIK27dWViFY5FUiB0
255,https://experiments.schonberglab.org/static/rani/Space_Gold_App/index.html?subId=oONcrF84AKpR3pbScWRr,oONcrF84AKpR3pbScWRr
256,https://experiments.schonberglab.org/static/rani/Space_Gold_App/index.html?subId=sjzmntGCoSAGxINOvbbX,sjzmntGCoSAGxINOvbbX
257,https://experiments.schonberglab.org/static/rani/Space_Gold_App/index.html?subId=SXfcitviSUPvKuFteuZk,SXfcitviSUPvKuFteuZk
258,https://experiments.schonberglab.org/static/rani/Space_Gold_App/index.html?subId=v5Jq9p59I4jYy8fzzGQb,v5Jq9p59I4jYy8fzzGQb
259,https://experiments.schonberglab.org/static/rani/Space_Gold_App/index.html?subId=wBfxN2RaUGJn5lf6Icuj,wBfxN2RaUGJn5lf6Icuj
260,https://experiments.schonberglab.org/static/rani/Space_Gold_App/index.html?subId=d0zPP28jeA2NivR3vu1c,d0zPP28jeA2NivR3vu1c
261,https://experiments.schonberglab.org/static/rani/Space_Gold_App/index.html?subId=fXNojOOaaKuf5YOMQiD0,fXNojOOaaKuf5YOMQiD0
262,https://experiments.schonberglab.org/static/rani/Space_Gold_App/index.html?subId=JmfuqGqLt8e7NfOXtXsl,JmfuqGqLt8e7NfOXtXsl
263,https://experiments.schonberglab.org/static/rani/Space_Gold_App/index.html?subId=fWUEGfSRk2DqhL5zhDIi,fWUEGfSRk2DqhL5zhDIi
264,https://experiments.schonberglab.org/static/rani/Space_Gold_App/index.html?subId=zwbFsBQERZKTE81QluxX,zwbFsBQERZKTE81QluxX
265,https://experiments.schonberglab.org/static/rani/Space_Gold_App/index.html?subId=MkHI9XuDDpYlJjsK43ib,MkHI9XuDDpYlJjsK43ib
266,https://experiments.schonberglab.org/static/rani/Space_Gold_App/index.html?subId=en27pVTrcufXOgDzO7BH,en27pVTrcufXOgDzO7BH
267,https://experiments.schonberglab.org/static/rani/Space_Gold_App/index.html?subId=CObWeI9Dh02AMvcPUd2o,CObWeI9Dh02AMvcPUd2o
268,https://experiments.schonberglab.org/static/rani/Space_Gold_App/index.html?subId=dGunsy6Y0E90YtVabyml,dGunsy6Y0E90YtVabyml
269,https://experiments.schonberglab.org/static/rani/Space_Gold_App/index.html?subId=cNjmopU5XB8eiEGehFLz,cNjmopU5XB8eiEGehFLz
270,https://experiments.schonberglab.org/static/rani/Space_Gold_App/index.html?subId=73usLwHDr0iKjbIFzvFq,73usLwHDr0iKjbIFzvFq
271,https://experiments.schonberglab.org/static/rani/Space_Gold_App/index.html?subId=CbjNkNTufUHXcYNzvF5d,CbjNkNTufUHXcYNzvF5d
272,https://experiments.schonberglab.org/static/rani/Space_Gold_App/index.html?subId=Yd4bbqXQUVqZk0KKtE3L,Yd4bbqXQUVqZk0KKtE3L
273,https://experiments.schonberglab.org/static/rani/Space_Gold_App/index.html?subId=vtbOmXRNfdaNiViZRgrw,vtbOmXRNfdaNiViZRgrw
274,https://experiments.schonberglab.org/static/rani/Space_Gold_App/index.html?subId=J3WNvQJXggGFG3uNwVxs,J3WNvQJXggGFG3uNwVxs
275,https://experiments.schonberglab.org/static/rani/Space_Gold_App/index.html?subId=rGmN7K0C3YPcasF4dqeq,rGmN7K0C3YPcasF4dqeq
276,https://experiments.schonberglab.org/static/rani/Space_Gold_App/index.html?subId=3PXFyT98MiyzVBRKIgtT,3PXFyT98MiyzVBRKIgtT
277,https://experiments.schonberglab.org/static/rani/Space_Gold_App/index.html?subId=MZHIpcCM0Q9ruXNUd2K9,MZHIpcCM0Q9ruXNUd2K9
278,https://experiments.schonberglab.org/static/rani/Space_Gold_App/index.html?subId=PGrLzg9HjNUZA5F11978,PGrLzg9HjNUZA5F11978
279,https://experiments.schonberglab.org/static/rani/Space_Gold_App/index.html?subId=HmEiLi7Xy09kl8gp9kza,HmEiLi7Xy09kl8gp9kza
280,https://experiments.schonberglab.org/static/rani/Space_Gold_App/index.html?subId=J3J1yOzYy84utLG6hI1c,J3J1yOzYy84utLG6hI1c
281,https://experiments.schonberglab.org/static/rani/Space_Gold_App/index.html?subId=R0rz7gcA3CNgANgxdYst,R0rz7gcA3CNgANgxdYst
282,https://experiments.schonberglab.org/static/rani/Space_Gold_App/index.html?subId=CQfnG9Soch0bUkKP96Hp,CQfnG9Soch0bUkKP96Hp
283,https://experiments.schonberglab.org/static/rani/Space_Gold_App/index.html?subId=fYSng4iLQ4pXoPY0b5zO,fYSng4iLQ4pXoPY0b5zO
284,https://experiments.schonberglab.org/static/rani/Space_Gold_App/index.html?subId=lv777JhdrsyIVuKwZNJV,lv777JhdrsyIVuKwZNJV
285,https://experiments.schonberglab.org/static/rani/Space_Gold_App/index.html?subId=cU3NLRhtsh1ciS1Jx6Ai,cU3NLRhtsh1ciS1Jx6Ai
286,https://experiments.schonberglab.org/static/rani/Space_Gold_App/index.html?subId=7E68P4e6MwRSMYZ2adCa,7E68P4e6MwRSMYZ2adCa
287,https://experiments.schonberglab.org/static/rani/Space_Gold_App/index.html?subId=6Cv2ER5ZzU4uYdljXH1q,6Cv2ER5ZzU4uYdljXH1q
288,https://experiments.schonberglab.org/static/rani/Space_Gold_App/index.html?subId=qhRHpBB3qW2Z2dBMqSNo,qhRHpBB3qW2Z2dBMqSNo
289,https://experiments.schonberglab.org/static/rani/Space_Gold_App/index.html?subId=RORov83KkhBuoVuJNQsF,RORov83KkhBuoVuJNQsF
290,https://experiments.schonberglab.org/static/rani/Space_Gold_App/index.html?subId=mrT2yCEQprjB4vFhZS6Z,mrT2yCEQprjB4vFhZS6Z
291,https://experiments.schonberglab.org/static/rani/Space_Gold_App/index.html?subId=SgXeCG1JFvU1udcRlnBJ,SgXeCG1JFvU1udcRlnBJ
292,https://experiments.schonberglab.org/static/rani/Space_Gold_App/index.html?subId=41CiEZ708sodAlnJOWN2,41CiEZ708sodAlnJOWN2
293,https://experiments.schonberglab.org/static/rani/Space_Gold_App/index.html?subId=Kk9eNXyVyWohzHNywxMJ,Kk9eNXyVyWohzHNywxMJ
294,https://experiments.schonberglab.org/static/rani/Space_Gold_App/index.html?subId=2kKoy7tBnLXn2QtNoOER,2kKoy7tBnLXn2QtNoOER
295,https://experiments.schonberglab.org/static/rani/Space_Gold_App/index.html?subId=N91mgzW4QhSTRzCIelDk,N91mgzW4QhSTRzCIelDk
296,https://experiments.schonberglab.org/static/rani/Space_Gold_App/index.html?subId=vevqRPKKkXr712Iaqtaz,vevqRPKKkXr712Iaqtaz
297,https://experiments.schonberglab.org/static/rani/Space_Gold_App/index.html?subId=rmPE17iXeKqMHhyAaoOj,rmPE17iXeKqMHhyAaoOj
298,https://experiments.schonberglab.org/static/rani/Space_Gold_App/index.html?subId=NyRQV7rdTG4pgLcAS3GS,NyRQV7rdTG4pgLcAS3GS
299,https://experiments.schonberglab.org/static/rani/Space_Gold_App/index.html?subId=xQnU3cQ6KxAOGpq0aEFn,xQnU3cQ6KxAOGpq0aEFn
301,https://experiments.schonberglab.org/static/rani/Space_Gold_App/index.html?subId=GwVjpqJ3vSwV9ztI5HPd,GwVjpqJ3vSwV9ztI5HPd
302,https://experiments.schonberglab.org/static/rani/Space_Gold_App/index.html?subId=dpehWbVJUFkpASa4no70,dpehWbVJUFkpASa4no70
303,https://experiments.schonberglab.org/static/rani/Space_Gold_App/index.html?subId=4FAaNtH0OtFKZonfFBbU,4FAaNtH0OtFKZonfFBbU
304,https://experiments.schonberglab.org/static/rani/Space_Gold_App/index.html?subId=HAEV8uPRVkRB2Z0MrT0c,HAEV8uPRVkRB2Z0MrT0c
305,https://experiments.schonberglab.org/static/rani/Space_Gold_App/index.html?subId=vEdykexdwPA0htWuRFgb,vEdykexdwPA0htWuRFgb
306,https://experiments.schonberglab.org/static/rani/Space_Gold_App/index.html?subId=p7cm25ZFs6OwW2W1BtrU,p7cm25ZFs6OwW2W1BtrU
307,https://experiments.schonberglab.org/static/rani/Space_Gold_App/index.html?subId=w7u9ZTdu2z0tYl76UQbw,w7u9ZTdu2z0tYl76UQbw
308,https://experiments.schonberglab.org/static/rani/Space_Gold_App/index.html?subId=3MkZ5sETNc6CllOssDZL,3MkZ5sETNc6CllOssDZL
309,https://experiments.schonberglab.org/static/rani/Space_Gold_App/index.html?subId=H5RFcRos5cRabwA0qf2c,H5RFcRos5cRabwA0qf2c
310,https://experiments.schonberglab.org/static/rani/Space_Gold_App/index.html?subId=xBewB5CDTUxQLUf97EZS,xBewB5CDTUxQLUf97EZS
311,https://experiments.schonberglab.org/static/rani/Space_Gold_App/index.html?subId=sNvB0i1WUhCcrARQSRSp,sNvB0i1WUhCcrARQSRSp
312,https://experiments.schonberglab.org/static/rani/Space_Gold_App/index.html?subId=awt9rPUl03kyEczu4pL1,awt9rPUl03kyEczu4pL1
313,https://experiments.schonberglab.org/static/rani/Space_Gold_App/index.html?subId=FFNFi1UnSWYorCxigYhP,FFNFi1UnSWYorCxigYhP
314,https://experiments.schonberglab.org/static/rani/Space_Gold_App/index.html?subId=nOmZteH8Yx9F69MLsWGV,nOmZteH8Yx9F69MLsWGV
315,https://experiments.schonberglab.org/static/rani/Space_Gold_App/index.html?subId=jf2fhlxmj8CN1TqoOsmX,jf2fhlxmj8CN1TqoOsmX
316,https://experiments.schonberglab.org/static/rani/Space_Gold_App/index.html?subId=AxclXxaHG9sFS50hzPbr,AxclXxaHG9sFS50hzPbr
317,https://experiments.schonberglab.org/static/rani/Space_Gold_App/index.html?subId=GneEPl0c1EyHY1gePPn1,GneEPl0c1EyHY1gePPn1
318,https://experiments.schonberglab.org/static/rani/Space_Gold_App/index.html?subId=3pBCjJHUSqEnk7mGDs9s,3pBCjJHUSqEnk7mGDs9s
319,https://experiments.schonberglab.org/static/rani/Space_Gold_App/index.html?subId=dI9AdOk1h32P0ju3wYcK,dI9AdOk1h32P0ju3wYcK
320,https://experiments.schonberglab.org/static/rani/Space_Gold_App/index.html?subId=aHnnB28DAGZGrPSTtgDH,aHnnB28DAGZGrPSTtgDH
321,https://experiments.schonberglab.org/static/rani/Space_Gold_App/index.html?subId=CN2HJOca4MEVbKrTFMcA,CN2HJOca4MEVbKrTFMcA
322,https://experiments.schonberglab.org/static/rani/Space_Gold_App/index.html?subId=q1RcFIFsJqBuYqodANTH,q1RcFIFsJqBuYqodANTH
323,https://experiments.schonberglab.org/static/rani/Space_Gold_App/index.html?subId=wyt7k0CCITitkT65TvYC,wyt7k0CCITitkT65TvYC
324,https://experiments.schonberglab.org/static/rani/Space_Gold_App/index.html?subId=WxnxteHZeo57GtdmLNic,WxnxteHZeo57GtdmLNic
325,https://experiments.schonberglab.org/static/rani/Space_Gold_App/index.html?subId=lVXFq9CpfAuJUojUC5uJ,lVXFq9CpfAuJUojUC5uJ
326,https://experiments.schonberglab.org/static/rani/Space_Gold_App/index.html?subId=pK2mhBy8ErPfBBK51IZy,pK2mhBy8ErPfBBK51IZy
327,https://experiments.schonberglab.org/static/rani/Space_Gold_App/index.html?subId=K5IYg689tBddyc0XXsNd,K5IYg689tBddyc0XXsNd
328,https://experiments.schonberglab.org/static/rani/Space_Gold_App/index.html?subId=MAEvr4wtMRyQCbweTmxH,MAEvr4wtMRyQCbweTmxH
329,https://experiments.schonberglab.org/static/rani/Space_Gold_App/index.html?subId=C2uzlvEKk6mmaR0Y79eB,C2uzlvEKk6mmaR0Y79eB
330,https://experiments.schonberglab.org/static/rani/Space_Gold_App/index.html?subId=mfQggNt4TUTGojjtQdyy,mfQggNt4TUTGojjtQdyy
331,https://experiments.schonberglab.org/static/rani/Space_Gold_App/index.html?subId=PhcTC1xvoIiqVLqaL5Mf,PhcTC1xvoIiqVLqaL5Mf
332,https://experiments.schonberglab.org/static/rani/Space_Gold_App/index.html?subId=lAohPXBLAHTyq9o4acGv,lAohPXBLAHTyq9o4acGv
333,https://experiments.schonberglab.org/static/rani/Space_Gold_App/index.html?subId=ObekBDG46v3C4Bm76HYk,ObekBDG46v3C4Bm76HYk
334,https://experiments.schonberglab.org/static/rani/Space_Gold_App/index.html?subId=W5CEfyuqrOMAJSafk8Y4,W5CEfyuqrOMAJSafk8Y4
335,https://experiments.schonberglab.org/static/rani/Space_Gold_App/index.html?subId=OVPPcN72Tm8kppxvnTsf,OVPPcN72Tm8kppxvnTsf
336,https://experiments.schonberglab.org/static/rani/Space_Gold_App/index.html?subId=iCMzkknJVtHdcNNLCLeg,iCMzkknJVtHdcNNLCLeg
337,https://experiments.schonberglab.org/static/rani/Space_Gold_App/index.html?subId=mvQP8ylgfIIO7SA4myHt,mvQP8ylgfIIO7SA4myHt
338,https://experiments.schonberglab.org/static/rani/Space_Gold_App/index.html?subId=NYCoSxp64kvMKXng6nXs,NYCoSxp64kvMKXng6nXs
339,https://experiments.schonberglab.org/static/rani/Space_Gold_App/index.html?subId=bySjQq0gtIHK7FnYHaIu,bySjQq0gtIHK7FnYHaIu
340,https://experiments.schonberglab.org/static/rani/Space_Gold_App/index.html?subId=mIwvedykqun9VlbmsOgH,mIwvedykqun9VlbmsOgH
341,https://experiments.schonberglab.org/static/rani/Space_Gold_App/index.html?subId=gUhS8KHuSXRVNry68wH9,gUhS8KHuSXRVNry68wH9
342,https://experiments.schonberglab.org/static/rani/Space_Gold_App/index.html?subId=SVUexyMkVdHNYLDDoDmR,SVUexyMkVdHNYLDDoDmR
343,https://experiments.schonberglab.org/static/rani/Space_Gold_App/index.html?subId=EtPLhjDVzncmWOKzJCKk,EtPLhjDVzncmWOKzJCKk
344,https://experiments.schonberglab.org/static/rani/Space_Gold_App/index.html?subId=Cv43kITzOkR42iAMlePS,Cv43kITzOkR42iAMlePS
345,https://experiments.schonberglab.org/static/rani/Space_Gold_App/index.html?subId=Fr9NCClnMalb7s2asTZ0,Fr9NCClnMalb7s2asTZ0
346,https://experiments.schonberglab.org/static/rani/Space_Gold_App/index.html?subId=VYVC11nTIh4C5QLbWtpp,VYVC11nTIh4C5QLbWtpp
347,https://experiments.schonberglab.org/static/rani/Space_Gold_App/index.html?subId=W7uP35sTF8Q9wm8j5Zz4,W7uP35sTF8Q9wm8j5Zz4
348,https://experiments.schonberglab.org/static/rani/Space_Gold_App/index.html?subId=wZ27bjgY8X7fsp2IjR00,wZ27bjgY8X7fsp2IjR00
349,https://experiments.schonberglab.org/static/rani/Space_Gold_App/index.html?subId=pTlP4h08bkrmQ2onYrXh,pTlP4h08bkrmQ2onYrXh
350,https://experiments.schonberglab.org/static/rani/Space_Gold_App/index.html?subId=gujzS7o0WWQHIQvKA94z,gujzS7o0WWQHIQvKA94z
351,https://experiments.schonberglab.org/static/rani/Space_Gold_App/index.html?subId=gedtqIoTgRhfGJEGfoyO,gedtqIoTgRhfGJEGfoyO
352,https://experiments.schonberglab.org/static/rani/Space_Gold_App/index.html?subId=gcS8e8ZJLEvkdtYwmNXt,gcS8e8ZJLEvkdtYwmNXt
353,https://experiments.schonberglab.org/static/rani/Space_Gold_App/index.html?subId=qESvRwnEPf0noTgp78Yj,qESvRwnEPf0noTgp78Yj
354,https://experiments.schonberglab.org/static/rani/Space_Gold_App/index.html?subId=p6RH8yB57AO0cdIt0AZ6,p6RH8yB57AO0cdIt0AZ6
355,https://experiments.schonberglab.org/static/rani/Space_Gold_App/index.html?subId=DvX7P7sKPTIyyeOzpvuB,DvX7P7sKPTIyyeOzpvuB
356,https://experiments.schonberglab.org/static/rani/Space_Gold_App/index.html?subId=rEh3nxPW0YhAfvxCnB1i,rEh3nxPW0YhAfvxCnB1i
357,https://experiments.schonberglab.org/static/rani/Space_Gold_App/index.html?subId=mT94ZdQYNVBpPDLqOOtS,mT94ZdQYNVBpPDLqOOtS
358,https://experiments.schonberglab.org/static/rani/Space_Gold_App/index.html?subId=nccBX00hYx8LPxOIiAst,nccBX00hYx8LPxOIiAst
359,https://experiments.schonberglab.org/static/rani/Space_Gold_App/index.html?subId=ZCAxmlqFdLW2Qv8vM9wZ,ZCAxmlqFdLW2Qv8vM9wZ
360,https://experiments.schonberglab.org/static/rani/Space_Gold_App/index.html?subId=YufBHl94nz75kv2Cqktf,YufBHl94nz75kv2Cqktf
361,https://experiments.schonberglab.org/static/rani/Space_Gold_App/index.html?subId=wNNG32qDvw7wMl3nCUfh,wNNG32qDvw7wMl3nCUfh
362,https://experiments.schonberglab.org/static/rani/Space_Gold_App/index.html?subId=ASyYvlmJQIpi1qrjQyPi,ASyYvlmJQIpi1qrjQyPi
363,https://experiments.schonberglab.org/static/rani/Space_Gold_App/index.html?subId=I8n1xc2SQmXfgCl7poBS,I8n1xc2SQmXfgCl7poBS
364,https://experiments.schonberglab.org/static/rani/Space_Gold_App/index.html?subId=LuhalUZTry9gp7GSIEiI,LuhalUZTry9gp7GSIEiI
365,https://experiments.schonberglab.org/static/rani/Space_Gold_App/index.html?subId=lIs4VtRhI2DmDesZta2t,lIs4VtRhI2DmDesZta2t
366,https://experiments.schonberglab.org/static/rani/Space_Gold_App/index.html?subId=t4eR9PTCNBKOMSvuu9DE,t4eR9PTCNBKOMSvuu9DE
367,https://experiments.schonberglab.org/static/rani/Space_Gold_App/index.html?subId=wRVjnAEr98ren5Gb17tR,wRVjnAEr98ren5Gb17tR
368,https://experiments.schonberglab.org/static/rani/Space_Gold_App/index.html?subId=QuJ3wq0vmocZAWbt9OBc,QuJ3wq0vmocZAWbt9OBc
369,https://experiments.schonberglab.org/static/rani/Space_Gold_App/index.html?subId=MaNTSI5z1wiBifDiODSn,MaNTSI5z1wiBifDiODSn
370,https://experiments.schonberglab.org/static/rani/Space_Gold_App/index.html?subId=0G2zDn1booRdyl8OrXz5,0G2zDn1booRdyl8OrXz5
371,https://experiments.schonberglab.org/static/rani/Space_Gold_App/index.html?subId=Eip48BYwa34ZdsJtSuou,Eip48BYwa34ZdsJtSuou
372,https://experiments.schonberglab.org/static/rani/Space_Gold_App/index.html?subId=CNq4CuLUqtYuAyJ8pxrM,CNq4CuLUqtYuAyJ8pxrM
373,https://experiments.schonberglab.org/static/rani/Space_Gold_App/index.html?subId=ksYJxQ5iDPCvW1v0fLNa,ksYJxQ5iDPCvW1v0fLNa
374,https://experiments.schonberglab.org/static/rani/Space_Gold_App/index.html?subId=QfIt1Ch5ngsVIFz9LU9p,QfIt1Ch5ngsVIFz9LU9p
375,https://experiments.schonberglab.org/static/rani/Space_Gold_App/index.html?subId=Vj1ObeegSdTNk7jCyPuq,Vj1ObeegSdTNk7jCyPuq
376,https://experiments.schonberglab.org/static/rani/Space_Gold_App/index.html?subId=y7Cx1VWmZR6vbbuUHieq,y7Cx1VWmZR6vbbuUHieq
377,https://experiments.schonberglab.org/static/rani/Space_Gold_App/index.html?subId=ofnuF3FLm8hAtui1tnC2,ofnuF3FLm8hAtui1tnC2
378,https://experiments.schonberglab.org/static/rani/Space_Gold_App/index.html?subId=hvyaGNkAn22FBJvCOJg9,hvyaGNkAn22FBJvCOJg9
379,https://experiments.schonberglab.org/static/rani/Space_Gold_App/index.html?subId=xMuym680wIiOxzv56T43,xMuym680wIiOxzv56T43
380,https://experiments.schonberglab.org/static/rani/Space_Gold_App/index.html?subId=vOzpXLzrwj7O6KsbVuVv,vOzpXLzrwj7O6KsbVuVv
381,https://experiments.schonberglab.org/static/rani/Space_Gold_App/index.html?subId=Wy9FWbv09vlIaUz0qInk,Wy9FWbv09vlIaUz0qInk
382,https://experiments.schonberglab.org/static/rani/Space_Gold_App/index.html?subId=ye124I7XvrZ5ofauhYJ8,ye124I7XvrZ5ofauhYJ8
383,https://experiments.schonberglab.org/static/rani/Space_Gold_App/index.html?subId=7R7Bnu58UNLniEmqMhhs,7R7Bnu58UNLniEmqMhhs
384,https://experiments.schonberglab.org/static/rani/Space_Gold_App/index.html?subId=he1yVEEkNx65ZtxtmgV8,he1yVEEkNx65ZtxtmgV8
385,https://experiments.schonberglab.org/static/rani/Space_Gold_App/index.html?subId=eM2pGDZb8Te9V0iEyMjE,eM2pGDZb8Te9V0iEyMjE
386,https://experiments.schonberglab.org/static/rani/Space_Gold_App/index.html?subId=3KOwI0qRu5OQ0BSLB2zA,3KOwI0qRu5OQ0BSLB2zA
387,https://experiments.schonberglab.org/static/rani/Space_Gold_App/index.html?subId=32HTO2pSCXLDQ0m4xpTb,32HTO2pSCXLDQ0m4xpTb
388,https://experiments.schonberglab.org/static/rani/Space_Gold_App/index.html?subId=RsP2AcXrKQoiK70eEp2x,RsP2AcXrKQoiK70eEp2x
389,https://experiments.schonberglab.org/static/rani/Space_Gold_App/index.html?subId=ksWnyShbN2tykufcobaS,ksWnyShbN2tykufcobaS
390,https://experiments.schonberglab.org/static/rani/Space_Gold_App/index.html?subId=LaQYSNmKj3EiomkujJ6s,LaQYSNmKj3EiomkujJ6s
391,https://experiments.schonberglab.org/static/rani/Space_Gold_App/index.html?subId=SSp9Dbrrog5FNoAdLz7E,SSp9Dbrrog5FNoAdLz7E
392,https://experiments.schonberglab.org/static/rani/Space_Gold_App/index.html?subId=kaMvfm7XJjnxys2mnUrz,kaMvfm7XJjnxys2mnUrz
393,https://experiments.schonberglab.org/static/rani/Space_Gold_App/index.html?subId=sJVq2QgoJM1SqsNuMxou,sJVq2QgoJM1SqsNuMxou
394,https://experiments.schonberglab.org/static/rani/Space_Gold_App/index.html?subId=zL1HjFoJnVavUz0UC1Wa,zL1HjFoJnVavUz0UC1Wa
395,https://experiments.schonberglab.org/static/rani/Space_Gold_App/index.html?subId=Pf39DmJZ7AqSuI9cNeim,Pf39DmJZ7AqSuI9cNeim
396,https://experiments.schonberglab.org/static/rani/Space_Gold_App/index.html?subId=LilXZBMH9CjB5Pmae5Ln,LilXZBMH9CjB5Pmae5Ln
397,https://experiments.schonberglab.org/static/rani/Space_Gold_App/index.html?subId=qDbnTn6VmeygJE1w6f29,qDbnTn6VmeygJE1w6f29
398,https://experiments.schonberglab.org/static/rani/Space_Gold_App/index.html?subId=RNxp1VoDYpXal1ZjpKFA,RNxp1VoDYpXal1ZjpKFA
399,https://experiments.schonberglab.org/static/rani/Space_Gold_App/index.html?subId=ZkdW9XJO1yxURD7CXmR8,ZkdW9XJO1yxURD7CXmR8
701,https://experiments.schonberglab.org/static/rani/Space_Gold_App/index.html?subId=7jCY1XeErIAQ0rdc6Wn3,7jCY1XeErIAQ0rdc6Wn3
702,https://experiments.schonberglab.org/static/rani/Space_Gold_App/index.html?subId=qsi1EwrSjfkxNohH686r,qsi1EwrSjfkxNohH686r
703,https://experiments.schonberglab.org/static/rani/Space_Gold_App/index.html?subId=bKyGhb61fs0qwiEA9ln7,bKyGhb61fs0qwiEA9ln7
704,https://experiments.schonberglab.org/static/rani/Space_Gold_App/index.html?subId=U2rcIeV1nVSzIxZjxwPU,U2rcIeV1nVSzIxZjxwPU
705,https://experiments.schonberglab.org/static/rani/Space_Gold_App/index.html?subId=u0z8fiBs43lesjsHOz4G,u0z8fiBs43lesjsHOz4G
706,https://experiments.schonberglab.org/static/rani/Space_Gold_App/index.html?subId=dLIVrSgJWUYWzgL6MKaK,dLIVrSgJWUYWzgL6MKaK
707,https://experiments.schonberglab.org/static/rani/Space_Gold_App/index.html?subId=iQ85f9mLNMAaRqxEnFHi,iQ85f9mLNMAaRqxEnFHi
708,https://experiments.schonberglab.org/static/rani/Space_Gold_App/index.html?subId=uivSRTR30uhTvFVGSDUt,uivSRTR30uhTvFVGSDUt
709,https://experiments.schonberglab.org/static/rani/Space_Gold_App/index.html?subId=TTxa2ZcN8TEkF6vu9xhV,TTxa2ZcN8TEkF6vu9xhV
710,https://experiments.schonberglab.org/static/rani/Space_Gold_App/index.html?subId=xYUlV3cVkEMsJEFuBTOb,xYUlV3cVkEMsJEFuBTOb
711,https://experiments.schonberglab.org/static/rani/Space_Gold_App/index.html?subId=8nFGbb5LHNkWcx5oUeoV,8nFGbb5LHNkWcx5oUeoV
712,https://experiments.schonberglab.org/static/rani/Space_Gold_App/index.html?subId=91SUxGY5caZkDx022U32,91SUxGY5caZkDx022U32
713,https://experiments.schonberglab.org/static/rani/Space_Gold_App/index.html?subId=sgLG4Mm7cHaqX9KL09lT,sgLG4Mm7cHaqX9KL09lT
714,https://experiments.schonberglab.org/static/rani/Space_Gold_App/index.html?subId=l5cusN5ULdUkZJ75u0pJ,l5cusN5ULdUkZJ75u0pJ
715,https://experiments.schonberglab.org/static/rani/Space_Gold_App/index.html?subId=oJqM9rBIHsQ10X1gVv4S,oJqM9rBIHsQ10X1gVv4S
716,https://experiments.schonberglab.org/static/rani/Space_Gold_App/index.html?subId=dPV89qewEKc2qVYDYaLZ,dPV89qewEKc2qVYDYaLZ
717,https://experiments.schonberglab.org/static/rani/Space_Gold_App/index.html?subId=dRUrjqhVs2SS2VPciX6Q,dRUrjqhVs2SS2VPciX6Q
718,https://experiments.schonberglab.org/static/rani/Space_Gold_App/index.html?subId=FVyZ0P72HrvWhioicqjz,FVyZ0P72HrvWhioicqjz
719,https://experiments.schonberglab.org/static/rani/Space_Gold_App/index.html?subId=VicCdgvLaX0PS8aK8zo5,VicCdgvLaX0PS8aK8zo5
720,https://experiments.schonberglab.org/static/rani/Space_Gold_App/index.html?subId=qskBbkEeqLLAPPOMXDE1,qskBbkEeqLLAPPOMXDE1
721,https://experiments.schonberglab.org/static/rani/Space_Gold_App/index.html?subId=oMdPPAaYQsGm8Zs6EGec,oMdPPAaYQsGm8Zs6EGec
722,https://experiments.schonberglab.org/static/rani/Space_Gold_App/index.html?subId=B7gxa2LGxyZGh2aGX7Yt,B7gxa2LGxyZGh2aGX7Yt
723,https://experiments.schonberglab.org/static/rani/Space_Gold_App/index.html?subId=I5Nc0nGVm4JX478cDBkl,I5Nc0nGVm4JX478cDBkl
724,https://experiments.schonberglab.org/static/rani/Space_Gold_App/index.html?subId=NIBLJZ8P6TceBFfBLXHt,NIBLJZ8P6TceBFfBLXHt
725,https://experiments.schonberglab.org/static/rani/Space_Gold_App/index.html?subId=3QqasVQ8Ox5vUiKQktRd,3QqasVQ8Ox5vUiKQktRd
726,https://experiments.schonberglab.org/static/rani/Space_Gold_App/index.html?subId=WfWN8MdbwwtPWEeArd50,WfWN8MdbwwtPWEeArd50
727,https://experiments.schonberglab.org/static/rani/Space_Gold_App/index.html?subId=cIHoF0njiVz3HiAlMJsK,cIHoF0njiVz3HiAlMJsK
728,https://experiments.schonberglab.org/static/rani/Space_Gold_App/index.html?subId=nIb8IVBO2y5vYpMH2TJb,nIb8IVBO2y5vYpMH2TJb
729,https://experiments.schonberglab.org/static/rani/Space_Gold_App/index.html?subId=BZ3MBePYkkcdvvIsDfut,BZ3MBePYkkcdvvIsDfut
730,https://experiments.schonberglab.org/static/rani/Space_Gold_App/index.html?subId=dO30OqVLW96673SjPuoQ,dO30OqVLW96673SjPuoQ
731,https://experiments.schonberglab.org/static/rani/Space_Gold_App/index.html?subId=zanQLvDRlyif5wgNtFXF,zanQLvDRlyif5wgNtFXF
732,https://experiments.schonberglab.org/static/rani/Space_Gold_App/index.html?subId=LOicGP4sCCQKamVBzrGL,LOicGP4sCCQKamVBzrGL
733,https://experiments.schonberglab.org/static/rani/Space_Gold_App/index.html?subId=P9T30v1t2kJ4afIjFsU0,P9T30v1t2kJ4afIjFsU0
734,https://experiments.schonberglab.org/static/rani/Space_Gold_App/index.html?subId=cxk9I0RIf7Tqzb6MfUUJ,cxk9I0RIf7Tqzb6MfUUJ
735,https://experiments.schonberglab.org/static/rani/Space_Gold_App/index.html?subId=FhMvHhHex9S4vBe4oABh,FhMvHhHex9S4vBe4oABh
736,https://experiments.schonberglab.org/static/rani/Space_Gold_App/index.html?subId=Bk9oIia8pkftcoF9DbGt,Bk9oIia8pkftcoF9DbGt
737,https://experiments.schonberglab.org/static/rani/Space_Gold_App/index.html?subId=ne6AO1smgMoYBDTmcZxx,ne6AO1smgMoYBDTmcZxx
738,https://experiments.schonberglab.org/static/rani/Space_Gold_App/index.html?subId=xFuojtL87EqEVC8K4bUW,xFuojtL87EqEVC8K4bUW
739,https://experiments.schonberglab.org/static/rani/Space_Gold_App/index.html?subId=dV95tsFnpooLsEIM29Cf,dV95tsFnpooLsEIM29Cf
740,https://experiments.schonberglab.org/static/rani/Space_Gold_App/index.html?subId=W8Hup1JbNTXNgsQUANZf,W8Hup1JbNTXNgsQUANZf
741,https://experiments.schonberglab.org/static/rani/Space_Gold_App/index.html?subId=TzpdbzWniGfKPrpd7ljg,TzpdbzWniGfKPrpd7ljg
742,https://experiments.schonberglab.org/static/rani/Space_Gold_App/index.html?subId=waa8DlbIPEyn9WrQ04jP,waa8DlbIPEyn9WrQ04jP
743,https://experiments.schonberglab.org/static/rani/Space_Gold_App/index.html?subId=X0jqg6z0vd890piUvgCh,X0jqg6z0vd890piUvgCh
744,https://experiments.schonberglab.org/static/rani/Space_Gold_App/index.html?subId=2WDxfXiEBnpLOhw7ahZf,2WDxfXiEBnpLOhw7ahZf
745,https://experiments.schonberglab.org/static/rani/Space_Gold_App/index.html?subId=dhPhm7juGart2uf2jSPN,dhPhm7juGart2uf2jSPN
746,https://experiments.schonberglab.org/static/rani/Space_Gold_App/index.html?subId=MrgRYeNfvv1ZQIjQckHo,MrgRYeNfvv1ZQIjQckHo
747,https://experiments.schonberglab.org/static/rani/Space_Gold_App/index.html?subId=YXtw9pTJ61Mq1ezNRKb2,YXtw9pTJ61Mq1ezNRKb2
748,https://experiments.schonberglab.org/static/rani/Space_Gold_App/index.html?subId=gIuQ2sGGhIGQiZEtxEhU,gIuQ2sGGhIGQiZEtxEhU
749,https://experiments.schonberglab.org/static/rani/Space_Gold_App/index.html?subId=bEyv2UTRSrPz0tp4m9Mv,bEyv2UTRSrPz0tp4m9Mv
750,https://experiments.schonberglab.org/static/rani/Space_Gold_App/index.html?subId=bVf4Xc8YtzTz6Kob3bgB,bVf4Xc8YtzTz6Kob3bgB
751,https://experiments.schonberglab.org/static/rani/Space_Gold_App/index.html?subId=DeqwCBFQ2bqwSFJfpPD8,DeqwCBFQ2bqwSFJfpPD8
752,https://experiments.schonberglab.org/static/rani/Space_Gold_App/index.html?subId=mLBRvCHByEOxpMfMNOZp,mLBRvCHByEOxpMfMNOZp
753,https://experiments.schonberglab.org/static/rani/Space_Gold_App/index.html?subId=ZpA0vRTz4iLppoRyj0eX,ZpA0vRTz4iLppoRyj0eX
754,https://experiments.schonberglab.org/static/rani/Space_Gold_App/index.html?subId=Cij2IUDUPsJY6ESWrPgg,Cij2IUDUPsJY6ESWrPgg
755,https://experiments.schonberglab.org/static/rani/Space_Gold_App/index.html?subId=y4EgGcHtIP45urt8rOcm,y4EgGcHtIP45urt8rOcm
756,https://experiments.schonberglab.org/static/rani/Space_Gold_App/index.html?subId=PY4QMlkJNb2RrIiQNngT,PY4QMlkJNb2RrIiQNngT
757,https://experiments.schonberglab.org/static/rani/Space_Gold_App/index.html?subId=POoIeD7DF7VyTYnxHpRP,POoIeD7DF7VyTYnxHpRP
758,https://experiments.schonberglab.org/static/rani/Space_Gold_App/index.html?subId=iRPE83OaYj3zNrQeu1Oq,iRPE83OaYj3zNrQeu1Oq
759,https://experiments.schonberglab.org/static/rani/Space_Gold_App/index.html?subId=cSfqGGHRCk1PRNRb5A2G,cSfqGGHRCk1PRNRb5A2G
760,https://experiments.schonberglab.org/static/rani/Space_Gold_App/index.html?subId=0XxvlyFPvHk1TnDqYPIB,0XxvlyFPvHk1TnDqYPIB
761,https://experiments.schonberglab.org/static/rani/Space_Gold_App/index.html?subId=JY6bjTwld09Tn0qrf9sr,JY6bjTwld09Tn0qrf9sr
762,https://experiments.schonberglab.org/static/rani/Space_Gold_App/index.html?subId=QFMiUEvIOQeVEop5x5HV,QFMiUEvIOQeVEop5x5HV
763,https://experiments.schonberglab.org/static/rani/Space_Gold_App/index.html?subId=1bt0xkjNaLH69wt2aRdl,1bt0xkjNaLH69wt2aRdl
764,https://experiments.schonberglab.org/static/rani/Space_Gold_App/index.html?subId=9RDxQrRYFGQ51NsProsq,9RDxQrRYFGQ51NsProsq
765,https://experiments.schonberglab.org/static/rani/Space_Gold_App/index.html?subId=MVd4afsQtyT3oOQxkXCd,MVd4afsQtyT3oOQxkXCd
766,https://experiments.schonberglab.org/static/rani/Space_Gold_App/index.html?subId=MKuZCUinKYNXVmh8UZty,MKuZCUinKYNXVmh8UZty
767,https://experiments.schonberglab.org/static/rani/Space_Gold_App/index.html?subId=hXD16m0DSF9GP5sfuzPK,hXD16m0DSF9GP5sfuzPK
768,https://experiments.schonberglab.org/static/rani/Space_Gold_App/index.html?subId=IagI7AmsSJr7CgXYptkz,IagI7AmsSJr7CgXYptkz
769,https://experiments.schonberglab.org/static/rani/Space_Gold_App/index.html?subId=0BaxDppkX4x9HXz0xtbn,0BaxDppkX4x9HXz0xtbn
770,https://experiments.schonberglab.org/static/rani/Space_Gold_App/index.html?subId=FXnexeCAdigblOreq6P5,FXnexeCAdigblOreq6P5
771,https://experiments.schonberglab.org/static/rani/Space_Gold_App/index.html?subId=XrMP3Q1iBnGV4wW9lpUC,XrMP3Q1iBnGV4wW9lpUC
772,https://experiments.schonberglab.org/static/rani/Space_Gold_App/index.html?subId=0XAaozzUdlWVUo3QUGLA,0XAaozzUdlWVUo3QUGLA
773,https://experiments.schonberglab.org/static/rani/Space_Gold_App/index.html?subId=sd4s9ZXFtwdSZVQ8Yb0o,sd4s9ZXFtwdSZVQ8Yb0o
774,https://experiments.schonberglab.org/static/rani/Space_Gold_App/index.html?subId=JnNbDKZ91XKV8x8nKbc8,JnNbDKZ91XKV8x8nKbc8
775,https://experiments.schonberglab.org/static/rani/Space_Gold_App/index.html?subId=VmmyJDpCJPArm9kD1G95,VmmyJDpCJPArm9kD1G95
776,https://experiments.schonberglab.org/static/rani/Space_Gold_App/index.html?subId=UgtFupt7gQOfaEjsUy8E,UgtFupt7gQOfaEjsUy8E
777,https://experiments.schonberglab.org/static/rani/Space_Gold_App/index.html?subId=zhurr5PCrzNkpHh58QoP,zhurr5PCrzNkpHh58QoP
778,https://experiments.schonberglab.org/static/rani/Space_Gold_App/index.html?subId=PMQurDufy4tgredpUFKi,PMQurDufy4tgredpUFKi
779,https://experiments.schonberglab.org/static/rani/Space_Gold_App/index.html?subId=kKIhmjnp0UMDxIe0ZDkP,kKIhmjnp0UMDxIe0ZDkP
780,https://experiments.schonberglab.org/static/rani/Space_Gold_App/index.html?subId=djSzvh9VV0bspMLOqgGm,djSzvh9VV0bspMLOqgGm
781,https://experiments.schonberglab.org/static/rani/Space_Gold_App/index.html?subId=2EZtlYeJmVnSlH35O86o,2EZtlYeJmVnSlH35O86o
782,https://experiments.schonberglab.org/static/rani/Space_Gold_App/index.html?subId=nq3PPSenqpfqMzUshhB7,nq3PPSenqpfqMzUshhB7
783,https://experiments.schonberglab.org/static/rani/Space_Gold_App/index.html?subId=DjQJz1vsf4r0ruGFa0gD,DjQJz1vsf4r0ruGFa0gD
784,https://experiments.schonberglab.org/static/rani/Space_Gold_App/index.html?subId=yWwxwkxDsKNPin99J6QR,yWwxwkxDsKNPin99J6QR
785,https://experiments.schonberglab.org/static/rani/Space_Gold_App/index.html?subId=lLgvzO3Jo4yvm5y9gNdO,lLgvzO3Jo4yvm5y9gNdO
786,https://experiments.schonberglab.org/static/rani/Space_Gold_App/index.html?subId=k1bfsHMjwkwkmuwwVTWl,k1bfsHMjwkwkmuwwVTWl
787,https://experiments.schonberglab.org/static/rani/Space_Gold_App/index.html?subId=KqlNWW27N0bgxeYzJAGA,KqlNWW27N0bgxeYzJAGA
788,https://experiments.schonberglab.org/static/rani/Space_Gold_App/index.html?subId=Rm0HBJY0BdV6vuco6Zf7,Rm0HBJY0BdV6vuco6Zf7
789,https://experiments.schonberglab.org/static/rani/Space_Gold_App/index.html?subId=ZQuuHxVjqKYuz0jnUbIG,ZQuuHxVjqKYuz0jnUbIG
790,https://experiments.schonberglab.org/static/rani/Space_Gold_App/index.html?subId=K0r1FPCWhmIsg45EukuZ,K0r1FPCWhmIsg45EukuZ
791,https://experiments.schonberglab.org/static/rani/Space_Gold_App/index.html?subId=1cHtzAZO5uWHn9wAwz25,1cHtzAZO5uWHn9wAwz25
792,https://experiments.schonberglab.org/static/rani/Space_Gold_App/index.html?subId=YmxfHOETPxfFoMdFl4lr,YmxfHOETPxfFoMdFl4lr
793,https://experiments.schonberglab.org/static/rani/Space_Gold_App/index.html?subId=Jqw5sRCUbtrCw6yQSz9R,Jqw5sRCUbtrCw6yQSz9R
794,https://experiments.schonberglab.org/static/rani/Space_Gold_App/index.html?subId=4Q31Xg5a6oGfxORYAKlM,4Q31Xg5a6oGfxORYAKlM
795,https://experiments.schonberglab.org/static/rani/Space_Gold_App/index.html?subId=oODOSBtILMFJxv3s02rP,oODOSBtILMFJxv3s02rP
796,https://experiments.schonberglab.org/static/rani/Space_Gold_App/index.html?subId=qf48imZR1Sc4yn7kpzTz,qf48imZR1Sc4yn7kpzTz
797,https://experiments.schonberglab.org/static/rani/Space_Gold_App/index.html?subId=DIEjg9kT7ZIFJn2D8nGP,DIEjg9kT7ZIFJn2D8nGP
798,https://experiments.schonberglab.org/static/rani/Space_Gold_App/index.html?subId=F2c6AIClZTzmzYRA0CIf,F2c6AIClZTzmzYRA0CIf
799,https://experiments.schonberglab.org/static/rani/Space_Gold_App/index.html?subId=600B2jATEXak8OXEfwQ3,600B2jATEXak8OXEfwQ3
801,https://experiments.schonberglab.org/static/rani/Space_Gold_App/index.html?subId=IRkFrqv1OLFxqULNNDnO,IRkFrqv1OLFxqULNNDnO
802,https://experiments.schonberglab.org/static/rani/Space_Gold_App/index.html?subId=vMBefAD647vhq8YsdesY,vMBefAD647vhq8YsdesY
803,https://experiments.schonberglab.org/static/rani/Space_Gold_App/index.html?subId=T1UsxOA7RteHr0oASCKa,T1UsxOA7RteHr0oASCKa
804,https://experiments.schonberglab.org/static/rani/Space_Gold_App/index.html?subId=WDxHnZ7K4OPWyCuTgmEh,WDxHnZ7K4OPWyCuTgmEh
805,https://experiments.schonberglab.org/static/rani/Space_Gold_App/index.html?subId=zsiLl1DEOKaBRpu8w4X7,zsiLl1DEOKaBRpu8w4X7
806,https://experiments.schonberglab.org/static/rani/Space_Gold_App/index.html?subId=fOPKrVFheokeWMJYTSLR,fOPKrVFheokeWMJYTSLR
807,https://experiments.schonberglab.org/static/rani/Space_Gold_App/index.html?subId=N97QHbTgvQ5zMbkmjM6u,N97QHbTgvQ5zMbkmjM6u
808,https://experiments.schonberglab.org/static/rani/Space_Gold_App/index.html?subId=triTQfoMQrEfsHU7prOD,triTQfoMQrEfsHU7prOD
809,https://experiments.schonberglab.org/static/rani/Space_Gold_App/index.html?subId=c4UO1NR84YLe9Esfk1Qe,c4UO1NR84YLe9Esfk1Qe
810,https://experiments.schonberglab.org/static/rani/Space_Gold_App/index.html?subId=VX1Y1rxoLVZElfaZWkJ3,VX1Y1rxoLVZElfaZWkJ3
811,https://experiments.schonberglab.org/static/rani/Space_Gold_App/index.html?subId=I03VRHIwt6vDibjipFXv,I03VRHIwt6vDibjipFXv
812,https://experiments.schonberglab.org/static/rani/Space_Gold_App/index.html?subId=QzenISuhcQoff8oMhaEM,QzenISuhcQoff8oMhaEM
813,https://experiments.schonberglab.org/static/rani/Space_Gold_App/index.html?subId=Zpx2BcXUtpatVdRRPt7o,Zpx2BcXUtpatVdRRPt7o
814,https://experiments.schonberglab.org/static/rani/Space_Gold_App/index.html?subId=Vh3FhrqDaSBAwuxFzqcD,Vh3FhrqDaSBAwuxFzqcD
815,https://experiments.schonberglab.org/static/rani/Space_Gold_App/index.html?subId=WOCIXpnmPLR8wtPs5Fqb,WOCIXpnmPLR8wtPs5Fqb
816,https://experiments.schonberglab.org/static/rani/Space_Gold_App/index.html?subId=SEoLLYt4wedSjOQj6Wgc,SEoLLYt4wedSjOQj6Wgc
817,https://experiments.schonberglab.org/static/rani/Space_Gold_App/index.html?subId=NyrBL9TuzqfqQkqm2MOF,NyrBL9TuzqfqQkqm2MOF
818,https://experiments.schonberglab.org/static/rani/Space_Gold_App/index.html?subId=4YTx2ckuic8PCL6R4DTo,4YTx2ckuic8PCL6R4DTo
819,https://experiments.schonberglab.org/static/rani/Space_Gold_App/index.html?subId=OrzX0Rb6k2oPPpbWqjau,OrzX0Rb6k2oPPpbWqjau
820,https://experiments.schonberglab.org/static/rani/Space_Gold_App/index.html?subId=VFuJimxJeKrrB1X2SKo1,VFuJimxJeKrrB1X2SKo1
821,https://experiments.schonberglab.org/static/rani/Space_Gold_App/index.html?subId=4TTJMxV40KGubu1UzEzw,4TTJMxV40KGubu1UzEzw
822,https://experiments.schonberglab.org/static/rani/Space_Gold_App/index.html?subId=RdWaAvyXmGJ49yD6PwXK,RdWaAvyXmGJ49yD6PwXK
823,https://experiments.schonberglab.org/static/rani/Space_Gold_App/index.html?subId=RdxVfg6GfsEq4R0V4WOF,RdxVfg6GfsEq4R0V4WOF
824,https://experiments.schonberglab.org/static/rani/Space_Gold_App/index.html?subId=gpponOuRrYFsRyRxnet9,gpponOuRrYFsRyRxnet9
825,https://experiments.schonberglab.org/static/rani/Space_Gold_App/index.html?subId=xF7naNEjAYvgfAS3pxWT,xF7naNEjAYvgfAS3pxWT
826,https://experiments.schonberglab.org/static/rani/Space_Gold_App/index.html?subId=bCRFUPPWIlZvuPTeh96j,bCRFUPPWIlZvuPTeh96j
827,https://experiments.schonberglab.org/static/rani/Space_Gold_App/index.html?subId=IhzzRyZpdteTO4QcOCHs,IhzzRyZpdteTO4QcOCHs
828,https://experiments.schonberglab.org/static/rani/Space_Gold_App/index.html?subId=hadYBQorFGcZDosTqLNM,hadYBQorFGcZDosTqLNM
829,https://experiments.schonberglab.org/static/rani/Space_Gold_App/index.html?subId=f4AEqsWI5J8Dyp859nvu,f4AEqsWI5J8Dyp859nvu
830,https://experiments.schonberglab.org/static/rani/Space_Gold_App/index.html?subId=jzRIrbpgdxGlhy3EAjzG,jzRIrbpgdxGlhy3EAjzG
831,https://experiments.schonberglab.org/static/rani/Space_Gold_App/index.html?subId=qcDjVSTM6upVzK4cGnie,qcDjVSTM6upVzK4cGnie
832,https://experiments.schonberglab.org/static/rani/Space_Gold_App/index.html?subId=6nITzSPKesHio0CYXFH9,6nITzSPKesHio0CYXFH9
833,https://experiments.schonberglab.org/static/rani/Space_Gold_App/index.html?subId=M07Xdws6B7zJD0Zvl8Uv,M07Xdws6B7zJD0Zvl8Uv
834,https://experiments.schonberglab.org/static/rani/Space_Gold_App/index.html?subId=P4DKwzgAj7RxaiOSMLp0,P4DKwzgAj7RxaiOSMLp0
835,https://experiments.schonberglab.org/static/rani/Space_Gold_App/index.html?subId=WDI5kECbmklvETUNOblF,WDI5kECbmklvETUNOblF
836,https://experiments.schonberglab.org/static/rani/Space_Gold_App/index.html?subId=5Gp9WKJHXgo4bCLPULQ3,5Gp9WKJHXgo4bCLPULQ3
837,https://experiments.schonberglab.org/static/rani/Space_Gold_App/index.html?subId=I20g6M62nZVJVPOGrcOq,I20g6M62nZVJVPOGrcOq
838,https://experiments.schonberglab.org/static/rani/Space_Gold_App/index.html?subId=6ODfc5qudsGnsuYm1L3a,6ODfc5qudsGnsuYm1L3a
839,https://experiments.schonberglab.org/static/rani/Space_Gold_App/index.html?subId=5oAgGgOhP2zUxNIkgbbc,5oAgGgOhP2zUxNIkgbbc
840,https://experiments.schonberglab.org/static/rani/Space_Gold_App/index.html?subId=7fpMqma6Vl1MKfyzozo6,7fpMqma6Vl1MKfyzozo6
841,https://experiments.schonberglab.org/static/rani/Space_Gold_App/index.html?subId=zuQP9NFSGsHbxCSQSaAS,zuQP9NFSGsHbxCSQSaAS
842,https://experiments.schonberglab.org/static/rani/Space_Gold_App/index.html?subId=bV3ODXZtB0tEIRerAulA,bV3ODXZtB0tEIRerAulA
843,https://experiments.schonberglab.org/static/rani/Space_Gold_App/index.html?subId=nthEqKjClBHxCV8KYz3d,nthEqKjClBHxCV8KYz3d
844,https://experiments.schonberglab.org/static/rani/Space_Gold_App/index.html?subId=Fq0DkfzVG1vT5YxkYp3k,Fq0DkfzVG1vT5YxkYp3k
845,https://experiments.schonberglab.org/static/rani/Space_Gold_App/index.html?subId=BaBiV9ks4ssrZhuFB6S7,BaBiV9ks4ssrZhuFB6S7
846,https://experiments.schonberglab.org/static/rani/Space_Gold_App/index.html?subId=pYXdEojwKewK5KzVZJgA,pYXdEojwKewK5KzVZJgA
847,https://experiments.schonberglab.org/static/rani/Space_Gold_App/index.html?subId=sYKpFJHcb83pJLzgcWtr,sYKpFJHcb83pJLzgcWtr
848,https://experiments.schonberglab.org/static/rani/Space_Gold_App/index.html?subId=CdmLkiOn15dCpNFMjhjL,CdmLkiOn15dCpNFMjhjL
849,https://experiments.schonberglab.org/static/rani/Space_Gold_App/index.html?subId=TgggZfaT4YlFpaDUKCyk,TgggZfaT4YlFpaDUKCyk
850,https://experiments.schonberglab.org/static/rani/Space_Gold_App/index.html?subId=0jodgNgYhw7zBqd6ti0z,0jodgNgYhw7zBqd6ti0z
851,https://experiments.schonberglab.org/static/rani/Space_Gold_App/index.html?subId=rkhmn8tMIjW6FfVCIDCC,rkhmn8tMIjW6FfVCIDCC
852,https://experiments.schonberglab.org/static/rani/Space_Gold_App/index.html?subId=9Z6wuzsXsImOPAbJwswO,9Z6wuzsXsImOPAbJwswO
853,https://experiments.schonberglab.org/static/rani/Space_Gold_App/index.html?subId=Q3qiv4s4TuDaVlofo7Q2,Q3qiv4s4TuDaVlofo7Q2
854,https://experiments.schonberglab.org/static/rani/Space_Gold_App/index.html?subId=gsLp1TqONx0OW1Ewzkof,gsLp1TqONx0OW1Ewzkof
855,https://experiments.schonberglab.org/static/rani/Space_Gold_App/index.html?subId=s2Dc15IbRhQ6oRAsQotA,s2Dc15IbRhQ6oRAsQotA
856,https://experiments.schonberglab.org/static/rani/Space_Gold_App/index.html?subId=b8U5lk62PMxwVTFbhCuz,b8U5lk62PMxwVTFbhCuz
857,https://experiments.schonberglab.org/static/rani/Space_Gold_App/index.html?subId=5Fy77r2eLhwyrvcbGwfM,5Fy77r2eLhwyrvcbGwfM
858,https://experiments.schonberglab.org/static/rani/Space_Gold_App/index.html?subId=z92gUKZhIdnNj5G1ATs0,z92gUKZhIdnNj5G1ATs0
859,https://experiments.schonberglab.org/static/rani/Space_Gold_App/index.html?subId=YQvndF9tllqHIasN3IJ1,YQvndF9tllqHIasN3IJ1
860,https://experiments.schonberglab.org/static/rani/Space_Gold_App/index.html?subId=cT9rHsao3rLjIZkyLPcW,cT9rHsao3rLjIZkyLPcW
861,https://experiments.schonberglab.org/static/rani/Space_Gold_App/index.html?subId=AEgiDJOrSI1Ra7GRB5gS,AEgiDJOrSI1Ra7GRB5gS
862,https://experiments.schonberglab.org/static/rani/Space_Gold_App/index.html?subId=wrKQwUGhMFxdEnW7ZhXR,wrKQwUGhMFxdEnW7ZhXR
863,https://experiments.schonberglab.org/static/rani/Space_Gold_App/index.html?subId=Ee1aOTDy1pcHZavODetU,Ee1aOTDy1pcHZavODetU
864,https://experiments.schonberglab.org/static/rani/Space_Gold_App/index.html?subId=Ah5BunMTVvIpHYTKJRRo,Ah5BunMTVvIpHYTKJRRo
865,https://experiments.schonberglab.org/static/rani/Space_Gold_App/index.html?subId=5MIRjlOk58smRGghFnUh,5MIRjlOk58smRGghFnUh
866,https://experiments.schonberglab.org/static/rani/Space_Gold_App/index.html?subId=UoUC2ggl7n94jDXRWasg,UoUC2ggl7n94jDXRWasg
867,https://experiments.schonberglab.org/static/rani/Space_Gold_App/index.html?subId=IbwX9VuZv5ZyFMGFiSuO,IbwX9VuZv5ZyFMGFiSuO
868,https://experiments.schonberglab.org/static/rani/Space_Gold_App/index.html?subId=9aQ2GUpgbAy18x4P0CTL,9aQ2GUpgbAy18x4P0CTL
869,https://experiments.schonberglab.org/static/rani/Space_Gold_App/index.html?subId=OZLTz0YtVTHrfpqXmwYO,OZLTz0YtVTHrfpqXmwYO
870,https://experiments.schonberglab.org/static/rani/Space_Gold_App/index.html?subId=RPXNVve4NP2qVSY6ojEf,RPXNVve4NP2qVSY6ojEf
871,https://experiments.schonberglab.org/static/rani/Space_Gold_App/index.html?subId=wBRLLnv6GnBrbFZp7DHD,wBRLLnv6GnBrbFZp7DHD
872,https://experiments.schonberglab.org/static/rani/Space_Gold_App/index.html?subId=yCV7v9fgvdntQb9Y4Xkt,yCV7v9fgvdntQb9Y4Xkt
873,https://experiments.schonberglab.org/static/rani/Space_Gold_App/index.html?subId=1dqMCUfwnP3h0y7SisuS,1dqMCUfwnP3h0y7SisuS
874,https://experiments.schonberglab.org/static/rani/Space_Gold_App/index.html?subId=AvwnGBElCXtEz1EwkrpO,AvwnGBElCXtEz1EwkrpO
875,https://experiments.schonberglab.org/static/rani/Space_Gold_App/index.html?subId=5TUgwS9I31Su0151vvOv,5TUgwS9I31Su0151vvOv
876,https://experiments.schonberglab.org/static/rani/Space_Gold_App/index.html?subId=DkPECsIHMfrEL588OmBd,DkPECsIHMfrEL588OmBd
877,https://experiments.schonberglab.org/static/rani/Space_Gold_App/index.html?subId=3TWwzqKPsa9kcOVbLz4Q,3TWwzqKPsa9kcOVbLz4Q
878,https://experiments.schonberglab.org/static/rani/Space_Gold_App/index.html?subId=MEwURJcO8gMlUyKhqgiO,MEwURJcO8gMlUyKhqgiO
879,https://experiments.schonberglab.org/static/rani/Space_Gold_App/index.html?subId=a3uU1pNJ5YwGuj8QPTRH,a3uU1pNJ5YwGuj8QPTRH
880,https://experiments.schonberglab.org/static/rani/Space_Gold_App/index.html?subId=YJAfqXB16X4J1kQD5nui,YJAfqXB16X4J1kQD5nui
881,https://experiments.schonberglab.org/static/rani/Space_Gold_App/index.html?subId=bvxbgWJcHqoppZO3WCia,bvxbgWJcHqoppZO3WCia
882,https://experiments.schonberglab.org/static/rani/Space_Gold_App/index.html?subId=joLywqVexNJevvz5GhXG,joLywqVexNJevvz5GhXG
883,https://experiments.schonberglab.org/static/rani/Space_Gold_App/index.html?subId=OAHgKnWclZNYfo8p3nxy,OAHgKnWclZNYfo8p3nxy
884,https://experiments.schonberglab.org/static/rani/Space_Gold_App/index.html?subId=tp3mUcVWJdqxgXgBr7Jr,tp3mUcVWJdqxgXgBr7Jr
885,https://experiments.schonberglab.org/static/rani/Space_Gold_App/index.html?subId=XofWaNSX1StjKiUMfSTo,XofWaNSX1StjKiUMfSTo
886,https://experiments.schonberglab.org/static/rani/Space_Gold_App/index.html?subId=Tn9LoUN7wDq0RiIe3Vg7,Tn9LoUN7wDq0RiIe3Vg7
887,https://experiments.schonberglab.org/static/rani/Space_Gold_App/index.html?subId=NyP9rtpHli2jq5E26Xmm,NyP9rtpHli2jq5E26Xmm
888,https://experiments.schonberglab.org/static/rani/Space_Gold_App/index.html?subId=8gg8XEgbx4WHCbT9tv32,8gg8XEgbx4WHCbT9tv32
889,https://experiments.schonberglab.org/static/rani/Space_Gold_App/index.html?subId=pHZjrQPeBs0k7o1id8pr,pHZjrQPeBs0k7o1id8pr
890,https://experiments.schonberglab.org/static/rani/Space_Gold_App/index.html?subId=Kr6iSQsUjOqE4lU2BhGi,Kr6iSQsUjOqE4lU2BhGi
891,https://experiments.schonberglab.org/static/rani/Space_Gold_App/index.html?subId=Q1yCv19NDD0qeVLkMXWH,Q1yCv19NDD0qeVLkMXWH
892,https://experiments.schonberglab.org/static/rani/Space_Gold_App/index.html?subId=te8qPCEwueLg0aFJFm6q,te8qPCEwueLg0aFJFm6q
893,https://experiments.schonberglab.org/static/rani/Space_Gold_App/index.html?subId=samxXRYyXo7PNTiWU0ds,samxXRYyXo7PNTiWU0ds
894,https://experiments.schonberglab.org/static/rani/Space_Gold_App/index.html?subId=M0WiFNUSiFJEW5GOcvcy,M0WiFNUSiFJEW5GOcvcy
895,https://experiments.schonberglab.org/static/rani/Space_Gold_App/index.html?subId=PTM30UeRbsYdd81Bak60,PTM30UeRbsYdd81Bak60
896,https://experiments.schonberglab.org/static/rani/Space_Gold_App/index.html?subId=hzhozLKVXM8z7AUiEvQM,hzhozLKVXM8z7AUiEvQM
897,https://experiments.schonberglab.org/static/rani/Space_Gold_App/index.html?subId=z5615yffVI4Mob0ou0BN,z5615yffVI4Mob0ou0BN
898,https://experiments.schonberglab.org/static/rani/Space_Gold_App/index.html?subId=CHH62wTOMlcPEkkdHwXs,CHH62wTOMlcPEkkdHwXs
899,https://experiments.schonberglab.org/static/rani/Space_Gold_App/index.html?subId=rNtTOGG8rXQIQyQMi9gh,rNtTOGG8rXQIQyQMi9gh
901,https://experiments.schonberglab.org/static/rani/Space_Gold_App/index.html?subId=rykKHdarc2nOejcmlQBo,rykKHdarc2nOejcmlQBo
902,https://experiments.schonberglab.org/static/rani/Space_Gold_App/index.html?subId=KlyN9zTtZe6BqFcGBh6y,KlyN9zTtZe6BqFcGBh6y
903,https://experiments.schonberglab.org/static/rani/Space_Gold_App/index.html?subId=xKzXWj10TacKntiily4u,xKzXWj10TacKntiily4u
904,https://experiments.schonberglab.org/static/rani/Space_Gold_App/index.html?subId=lNvdUjACxXcbrAh66X9y,lNvdUjACxXcbrAh66X9y
905,https://experiments.schonberglab.org/static/rani/Space_Gold_App/index.html?subId=lC8CM9GvF3UmB7XWh4tr,lC8CM9GvF3UmB7XWh4tr
906,https://experiments.schonberglab.org/static/rani/Space_Gold_App/index.html?subId=wYxIOSyjxshmdT67dd08,wYxIOSyjxshmdT67dd08
907,https://experiments.schonberglab.org/static/rani/Space_Gold_App/index.html?subId=r0UXUJLOk5FbNBpk43ac,r0UXUJLOk5FbNBpk43ac
908,https://experiments.schonberglab.org/static/rani/Space_Gold_App/index.html?subId=7FfwcNquVhPiWmCnDSWa,7FfwcNquVhPiWmCnDSWa
909,https://experiments.schonberglab.org/static/rani/Space_Gold_App/index.html?subId=asdO9KrXGD7gj8y9lDS8,asdO9KrXGD7gj8y9lDS8
910,https://experiments.schonberglab.org/static/rani/Space_Gold_App/index.html?subId=rOqmsgf98CjKZXw6NkeZ,rOqmsgf98CjKZXw6NkeZ
911,https://experiments.schonberglab.org/static/rani/Space_Gold_App/index.html?subId=unnvC18TVThqRqYDKQim,unnvC18TVThqRqYDKQim
912,https://experiments.schonberglab.org/static/rani/Space_Gold_App/index.html?subId=qwJe6liElSGiFmMPLYBq,qwJe6liElSGiFmMPLYBq
913,https://experiments.schonberglab.org/static/rani/Space_Gold_App/index.html?subId=Wr7EeJgfym2SEYrkVIty,Wr7EeJgfym2SEYrkVIty
914,https://experiments.schonberglab.org/static/rani/Space_Gold_App/index.html?subId=Col7DfrSdn0ikXs8SlCX,Col7DfrSdn0ikXs8SlCX
915,https://experiments.schonberglab.org/static/rani/Space_Gold_App/index.html?subId=iqiOmFa4iqWIJBjXd6bA,iqiOmFa4iqWIJBjXd6bA
916,https://experiments.schonberglab.org/static/rani/Space_Gold_App/index.html?subId=pi8fugfuq2zQyG7BIkQm,pi8fugfuq2zQyG7BIkQm
917,https://experiments.schonberglab.org/static/rani/Space_Gold_App/index.html?subId=rlHARxeo8ybcQ9v9a4LD,rlHARxeo8ybcQ9v9a4LD
918,https://experiments.schonberglab.org/static/rani/Space_Gold_App/index.html?subId=vupuPV10Fw0W3dxTcDQp,vupuPV10Fw0W3dxTcDQp
919,https://experiments.schonberglab.org/static/rani/Space_Gold_App/index.html?subId=HQuJQOrMuX0zGwQ5X27x,HQuJQOrMuX0zGwQ5X27x
920,https://experiments.schonberglab.org/static/rani/Space_Gold_App/index.html?subId=L49oytYBZXnu3WAOsvqy,L49oytYBZXnu3WAOsvqy
921,https://experiments.schonberglab.org/static/rani/Space_Gold_App/index.html?subId=yfBHTK8mvhYNhq4pcwKT,yfBHTK8mvhYNhq4pcwKT
922,https://experiments.schonberglab.org/static/rani/Space_Gold_App/index.html?subId=WT3dMbsgK0MMDxrhfid2,WT3dMbsgK0MMDxrhfid2
923,https://experiments.schonberglab.org/static/rani/Space_Gold_App/index.html?subId=VtzjsgKrwgt1KKtyEgLC,VtzjsgKrwgt1KKtyEgLC
924,https://experiments.schonberglab.org/static/rani/Space_Gold_App/index.html?subId=D9YfJSTUcQbErIKfsASp,D9YfJSTUcQbErIKfsASp
925,https://experiments.schonberglab.org/static/rani/Space_Gold_App/index.html?subId=Nupb5fEI8mGKizKG6MBx,Nupb5fEI8mGKizKG6MBx
926,https://experiments.schonberglab.org/static/rani/Space_Gold_App/index.html?subId=850ZobDRSvouDfN01LyL,850ZobDRSvouDfN01LyL
927,https://experiments.schonberglab.org/static/rani/Space_Gold_App/index.html?subId=pDVkXKeS9ABO8oqc08Cu,pDVkXKeS9ABO8oqc08Cu
928,https://experiments.schonberglab.org/static/rani/Space_Gold_App/index.html?subId=pzvN5bfW1JLVKcc91TJW,pzvN5bfW1JLVKcc91TJW
929,https://experiments.schonberglab.org/static/rani/Space_Gold_App/index.html?subId=n76Z6aL8bqgrbVgZ7gyB,n76Z6aL8bqgrbVgZ7gyB
930,https://experiments.schonberglab.org/static/rani/Space_Gold_App/index.html?subId=3F4tjketQy0oMd0LEuG6,3F4tjketQy0oMd0LEuG6
931,https://experiments.schonberglab.org/static/rani/Space_Gold_App/index.html?subId=Idb4zNtAH47L4UxFtVh5,Idb4zNtAH47L4UxFtVh5
932,https://experiments.schonberglab.org/static/rani/Space_Gold_App/index.html?subId=Bc708CMlaZ6YIGUJyHJi,Bc708CMlaZ6YIGUJyHJi
933,https://experiments.schonberglab.org/static/rani/Space_Gold_App/index.html?subId=vH9WM1wJCVVcDIPg5D8h,vH9WM1wJCVVcDIPg5D8h
934,https://experiments.schonberglab.org/static/rani/Space_Gold_App/index.html?subId=CI4n1O0PHfsnOhdlDWzi,CI4n1O0PHfsnOhdlDWzi
935,https://experiments.schonberglab.org/static/rani/Space_Gold_App/index.html?subId=vt5uaKZVwrTaydL7vzdN,vt5uaKZVwrTaydL7vzdN
936,https://experiments.schonberglab.org/static/rani/Space_Gold_App/index.html?subId=EUihQOBuAmbz1D0NuKAr,EUihQOBuAmbz1D0NuKAr
937,https://experiments.schonberglab.org/static/rani/Space_Gold_App/index.html?subId=19t1lhlraKcPPmqM84Ss,19t1lhlraKcPPmqM84Ss
938,https://experiments.schonberglab.org/static/rani/Space_Gold_App/index.html?subId=KoVStiMA1GUPgdL0uO0Y,KoVStiMA1GUPgdL0uO0Y
939,https://experiments.schonberglab.org/static/rani/Space_Gold_App/index.html?subId=6EzVJJeFJDiScT60STWX,6EzVJJeFJDiScT60STWX
940,https://experiments.schonberglab.org/static/rani/Space_Gold_App/index.html?subId=V3f95KbKPkg9Vdbu728S,V3f95KbKPkg9Vdbu728S
941,https://experiments.schonberglab.org/static/rani/Space_Gold_App/index.html?subId=hH79wCj01RsvB3bfFz0A,hH79wCj01RsvB3bfFz0A
942,https://experiments.schonberglab.org/static/rani/Space_Gold_App/index.html?subId=JBzxxgJ9vohEHowhw2m8,JBzxxgJ9vohEHowhw2m8
943,https://experiments.schonberglab.org/static/rani/Space_Gold_App/index.html?subId=bgbj73UoH4wzff4kq4f9,bgbj73UoH4wzff4kq4f9
944,https://experiments.schonberglab.org/static/rani/Space_Gold_App/index.html?subId=9YjNps7LAXgxcRMaKg2Q,9YjNps7LAXgxcRMaKg2Q
945,https://experiments.schonberglab.org/static/rani/Space_Gold_App/index.html?subId=PcgG8DpRNBdcgFHzDNu7,PcgG8DpRNBdcgFHzDNu7
946,https://experiments.schonberglab.org/static/rani/Space_Gold_App/index.html?subId=d8bcNtEUekfk3IvXwTcx,d8bcNtEUekfk3IvXwTcx
947,https://experiments.schonberglab.org/static/rani/Space_Gold_App/index.html?subId=IINqkcL9A4AiOIzJAiRN,IINqkcL9A4AiOIzJAiRN
948,https://experiments.schonberglab.org/static/rani/Space_Gold_App/index.html?subId=JdK0gOevCuTFwBM93AtM,JdK0gOevCuTFwBM93AtM
949,https://experiments.schonberglab.org/static/rani/Space_Gold_App/index.html?subId=V3E9KGPPD8xCk2dkJA4O,V3E9KGPPD8xCk2dkJA4O
950,https://experiments.schonberglab.org/static/rani/Space_Gold_App/index.html?subId=XmAoTt3LGuBDarjLXUIr,XmAoTt3LGuBDarjLXUIr
951,https://experiments.schonberglab.org/static/rani/Space_Gold_App/index.html?subId=eFPrTgYwDQVRoagzrTlU,eFPrTgYwDQVRoagzrTlU
952,https://experiments.schonberglab.org/static/rani/Space_Gold_App/index.html?subId=lBLv1SwxC4nvoPK64ZiH,lBLv1SwxC4nvoPK64ZiH
953,https://experiments.schonberglab.org/static/rani/Space_Gold_App/index.html?subId=stMsmIk0EOFuSiD83vzh,stMsmIk0EOFuSiD83vzh
954,https://experiments.schonberglab.org/static/rani/Space_Gold_App/index.html?subId=8yvD7Cy6d9bQTdWoj7fT,8yvD7Cy6d9bQTdWoj7fT
955,https://experiments.schonberglab.org/static/rani/Space_Gold_App/index.html?subId=E4rFXUuKW3VXPrHA3iss,E4rFXUuKW3VXPrHA3iss
956,https://experiments.schonberglab.org/static/rani/Space_Gold_App/index.html?subId=cWCngA48kTetKea1Bmv2,cWCngA48kTetKea1Bmv2
957,https://experiments.schonberglab.org/static/rani/Space_Gold_App/index.html?subId=i9KJ9zQSbqN2j2ajCTGW,i9KJ9zQSbqN2j2ajCTGW
958,https://experiments.schonberglab.org/static/rani/Space_Gold_App/index.html?subId=sivRIEsIziyHpeXHI6GX,sivRIEsIziyHpeXHI6GX
959,https://experiments.schonberglab.org/static/rani/Space_Gold_App/index.html?subId=N7aDyIoC7VlqvdhuaGs1,N7aDyIoC7VlqvdhuaGs1
960,https://experiments.schonberglab.org/static/rani/Space_Gold_App/index.html?subId=BvbY7x1MlqLQMiBu2cOm,BvbY7x1MlqLQMiBu2cOm
961,https://experiments.schonberglab.org/static/rani/Space_Gold_App/index.html?subId=A0WkMB3ElyU1aIccXNLx,A0WkMB3ElyU1aIccXNLx
962,https://experiments.schonberglab.org/static/rani/Space_Gold_App/index.html?subId=qGBqZkv3BQxKA9OSYEj1,qGBqZkv3BQxKA9OSYEj1
963,https://experiments.schonberglab.org/static/rani/Space_Gold_App/index.html?subId=0wrEIXmsgkwPnd6vFFuu,0wrEIXmsgkwPnd6vFFuu
964,https://experiments.schonberglab.org/static/rani/Space_Gold_App/index.html?subId=BWBIHPWpbk5RY9zgngbD,BWBIHPWpbk5RY9zgngbD
965,https://experiments.schonberglab.org/static/rani/Space_Gold_App/index.html?subId=L5y8mBxfOshzi84Bhgsx,L5y8mBxfOshzi84Bhgsx
966,https://experiments.schonberglab.org/static/rani/Space_Gold_App/index.html?subId=xYYk5Ea0jehMqkuPRSLv,xYYk5Ea0jehMqkuPRSLv
967,https://experiments.schonberglab.org/static/rani/Space_Gold_App/index.html?subId=dnJpF6L3ZWerRC2kBxmT,dnJpF6L3ZWerRC2kBxmT
968,https://experiments.schonberglab.org/static/rani/Space_Gold_App/index.html?subId=KhK3EW4qTrhDt29lzarK,KhK3EW4qTrhDt29lzarK
969,https://experiments.schonberglab.org/static/rani/Space_Gold_App/index.html?subId=IPbSHcjTCqDj8I6tgaJk,IPbSHcjTCqDj8I6tgaJk
970,https://experiments.schonberglab.org/static/rani/Space_Gold_App/index.html?subId=kmvJe6v3ItMGn235IpsS,kmvJe6v3ItMGn235IpsS
971,https://experiments.schonberglab.org/static/rani/Space_Gold_App/index.html?subId=FAQwIopYLAKyoThKh11a,FAQwIopYLAKyoThKh11a
972,https://experiments.schonberglab.org/static/rani/Space_Gold_App/index.html?subId=TbrqxZHHkogWzskeRLTn,TbrqxZHHkogWzskeRLTn
973,https://experiments.schonberglab.org/static/rani/Space_Gold_App/index.html?subId=U28qEEUyFuEq3HNjNKB5,U28qEEUyFuEq3HNjNKB5
974,https://experiments.schonberglab.org/static/rani/Space_Gold_App/index.html?subId=FYZ8tz5SlNo0fj424kfj,FYZ8tz5SlNo0fj424kfj
975,https://experiments.schonberglab.org/static/rani/Space_Gold_App/index.html?subId=8j7gCTu6CwY8HKBrM4sB,8j7gCTu6CwY8HKBrM4sB
976,https://experiments.schonberglab.org/static/rani/Space_Gold_App/index.html?subId=yIZsItBsTnZ4LkhqcKdM,yIZsItBsTnZ4LkhqcKdM
977,https://experiments.schonberglab.org/static/rani/Space_Gold_App/index.html?subId=2KGsjoSG3dQa7Fap6tBo,2KGsjoSG3dQa7Fap6tBo
978,https://experiments.schonberglab.org/static/rani/Space_Gold_App/index.html?subId=KFQ8cthaE6JlqMwDcutJ,KFQ8cthaE6JlqMwDcutJ
979,https://experiments.schonberglab.org/static/rani/Space_Gold_App/index.html?subId=mSbIhnS8XUbio5e93oMb,mSbIhnS8XUbio5e93oMb
980,https://experiments.schonberglab.org/static/rani/Space_Gold_App/index.html?subId=YGQzXApjMueNEwxc26U4,YGQzXApjMueNEwxc26U4
981,https://experiments.schonberglab.org/static/rani/Space_Gold_App/index.html?subId=MBFe7stdQmdNaiiwMuVI,MBFe7stdQmdNaiiwMuVI
982,https://experiments.schonberglab.org/static/rani/Space_Gold_App/index.html?subId=CXiDoNHeNM278VHaWNqi,CXiDoNHeNM278VHaWNqi
983,https://experiments.schonberglab.org/static/rani/Space_Gold_App/index.html?subId=jk7AG2mfElNy9agCE7p9,jk7AG2mfElNy9agCE7p9
984,https://experiments.schonberglab.org/static/rani/Space_Gold_App/index.html?subId=uokV8wzI87xdt2LirYgg,uokV8wzI87xdt2LirYgg
985,https://experiments.schonberglab.org/static/rani/Space_Gold_App/index.html?subId=tOoSVCNWPOYZ4wRauIgC,tOoSVCNWPOYZ4wRauIgC
986,https://experiments.schonberglab.org/static/rani/Space_Gold_App/index.html?subId=0b8jiWkX9yEfC3hUdyWR,0b8jiWkX9yEfC3hUdyWR
987,https://experiments.schonberglab.org/static/rani/Space_Gold_App/index.html?subId=cF7EV4pbbrMaMTQif6VB,cF7EV4pbbrMaMTQif6VB
988,https://experiments.schonberglab.org/static/rani/Space_Gold_App/index.html?subId=rKAOq0qNXwZG6ZtJgqsK,rKAOq0qNXwZG6ZtJgqsK
989,https://experiments.schonberglab.org/static/rani/Space_Gold_App/index.html?subId=zvk3B4fUhqMGsqQS7CbH,zvk3B4fUhqMGsqQS7CbH
990,https://experiments.schonberglab.org/static/rani/Space_Gold_App/index.html?subId=ze7MXL7XNEc71A3jrOCi,ze7MXL7XNEc71A3jrOCi
991,https://experiments.schonberglab.org/static/rani/Space_Gold_App/index.html?subId=dmB5yABhxMwem9BfeC9Z,dmB5yABhxMwem9BfeC9Z
992,https://experiments.schonberglab.org/static/rani/Space_Gold_App/index.html?subId=Ad7DySe0sHjiZivaYFTi,Ad7DySe0sHjiZivaYFTi
993,https://experiments.schonberglab.org/static/rani/Space_Gold_App/index.html?subId=LcW3kSuHSptlWjZG3E41,LcW3kSuHSptlWjZG3E41
994,https://experiments.schonberglab.org/static/rani/Space_Gold_App/index.html?subId=O2TddhcHndAxxtC1WZfG,O2TddhcHndAxxtC1WZfG
995,https://experiments.schonberglab.org/static/rani/Space_Gold_App/index.html?subId=Lj0Q0poVt0b0gh6UN0Hv,Lj0Q0poVt0b0gh6UN0Hv
996,https://experiments.schonberglab.org/static/rani/Space_Gold_App/index.html?subId=ch8jt0dngrYRU8WsOLoz,ch8jt0dngrYRU8WsOLoz
997,https://experiments.schonberglab.org/static/rani/Space_Gold_App/index.html?subId=sh60kvBxkoit6rTk31Hm,sh60kvBxkoit6rTk31Hm
998,https://experiments.schonberglab.org/static/rani/Space_Gold_App/index.html?subId=aUQimaq1Ye1H70oUS9ET,aUQimaq1Ye1H70oUS9ET
999,https://experiments.schonberglab.org/static/rani/Space_Gold_App/index.html?subId=aMAaCy9Cjhnf9Z5G9qwW,aMAaCy9Cjhnf9Z5G9qwW
